Song,Artist,Weeks On Chart,Peak Rank
0,Blank Space,Taylor Swift,36,1
1,Take Me To Church,Hozier,41,2
2,Uptown Funk!,Mark Ronson Featuring Bruno Mars,56,1
3,Thinking Out Loud,Ed Sheeran,58,2
4,Lips Are Movin,Meghan Trainor,29,4
5,I'm Not The Only One,Sam Smith,37,5
6,Love Me Harder,Ariana Grande & The Weeknd,22,7
7,Jealous,Nick Jonas,32,7
8,Animals,Maroon 5,33,8
9,All About That Bass,Meghan Trainor,47,5
10,Shake It Off,Taylor Swift,50,5
11,I Don't F**k With You,Big Sean Featuring E-40,29,12
12,The Heart Wants What It Wants,Selena Gomez,20,13
13,Wasted Love,Matt McAndrew,0,14
14,Only,"Nicki Minaj Featuring Drake, Lil Wayne & Chris Brown",25,15
15,Habits (Stay High),Tove Lo,39,16
16,Tuesday,I LOVE MAKONNEN Featuring Drake,22,17
17,Waves,Mr. Probz,25,18
18,Don't,Ed Sheeran,36,13
19,Centuries,Fall Out Boy,34,10
20,The Hanging Tree,James Newton Howard Featuring Jennifer Lawrence,17,13
21,Bang Bang,"Jessie J, Ariana Grande & Nicki Minaj",31,15
22,No Type,Rae Sremmurd,26,18
23,7/11,Beyonce,20,18
24,Hot Boy,Bobby Shmurda,25,23
25,Blame,Calvin Harris Featuring John Newman,20,26
26,Stay With Me,Sam Smith,54,11
27,CoCo,O.T. Genasis,20,20
28,Beg For It,Iggy Azalea Featuring M0,16,27
29,Don't Tell 'Em,Jeremih Featuring YG,31,28
30,I Don't Mind,Usher Featuring Juicy J,23,11
31,Riptide,Vance Joy,44,30
32,Black Widow,Iggy Azalea Featuring Rita Ora,30,29
33,My Baby's Got A Smile On Her Face,Craig Wayne Boyd,0,34
34,All I Want For Christmas Is You,Mariah Carey,30,3
35,Heroes (We Could Be),Alesso Featuring Tove Lo,20,31
36,Trumpets,Jason Derulo,32,30
37,Shotgun Rider,Tim McGraw,20,38
38,Stolen Dance,Milky Chance,25,39
39,Chandelier,Sia,46,20
40,Something In The Water,Carrie Underwood,20,37
41,Santa Tell Me,Ariana Grande,5,42
42,Feeling Myself,Nicki Minaj Featuring Beyonce,20,39
43,Lifestyle,Rich Gang Featuring Young Thug & Rich Homie Quan,25,42
44,Rather Be,Clean Bandit Featuring Jess Glynne,31,44
45,Try Me,The Weeknd,20,26
46,Ghost,Ella Henderson,20,21
47,Anaconda,Nicki Minaj,22,48
48,Rude,MAGIC!,41,27
49,Night Changes,One Direction,20,34
50,Talladega,Eric Church,20,43
51,"Touchin, Lovin",Trey Songz Featuring Nicki Minaj,20,52
52,Velvet,Chris Jamison,0,53
53,Hold You Down,"DJ Khaled Featuring Chris Brown, August Alsina, Future & Jeremih",20,54
54,L.A.LOVE (la la),Fergie,18,38
55,About The Money,T.I. Featuring Young Thug,20,56
56,Sun Daze,Florida Georgia Line,20,44
57,"Mary, Did You Know?",Pentatonix,7,45
58,Perfect Storm,Brad Paisley,17,57
59,I Bet My Life,Imagine Dragons,22,28
60,I See You,Luke Bryan,19,41
61,Bed Of Lies,Nicki Minaj Featuring Skylar Grey,6,62
62,Lost Without U,Chris Jamison & Adam Levine,0,63
63,I Lived,OneRepublic,17,32
64,Masterpiece,Jessie J,3,65
65,Lonely Tonight,Blake Shelton Featuring Ashley Monroe,17,47
66,Til It's Gone,Kenny Chesney,14,60
67,Dangerous,Meek Mill Featuring Jeremih & PnB Rock,20,31
68,Prayer In C,Lillywood & Robin Schulz,20,23
69,Steal My Girl,One Direction,18,51
70,Close Your Eyes,Parmalee,16,71
71,Drinking Class,Lee Brice,22,53
72,Just Gettin' Started,Jason Aldean,18,54
73,Soldier,Damien,0,74
74,Sledgehammer,Fifth Harmony,15,40
75,Make Me Wanna,Thomas Rhett,20,43
76,G.D.F.R.,Flo Rida Featuring Sage The Gemini & Lookas,35,8
77,God Made Girls,RaeLynn,16,61
78,She Knows,Ne-Yo Featuring Juicy J,20,19
79,Somewhere In My Car,Keith Urban,20,79
80,Often,The Weeknd,20,59
81,Mean To Me,Brett Eldredge,20,53
82,Lost Stars,Matt McAndrew & Adam Levine,0,83
83,Girl In A Country Song,Maddie & Tae,20,84
84,Try,Colbie Caillat,20,65
85,Shut Up And Dance,WALK THE MOON,53,4
86,Time Of Our Lives,Pitbull & Ne-Yo,27,9
87,Get On Your Knees,Nicki Minaj Featuring Ariana Grande,0,88
88,***Flawless,Beyonce Featuring Nicki Minaj Or Chimamanda Ngozi Adichie,20,75
89,Apparently,J. Cole,16,58
90,Like A Cowboy,Randy Houser,14,62
91,Body Language,Kid Ink Featuring Usher & Tinashe,18,72
92,No Love,August Alsina,18,88
93,Break The Rules,Charli XCX,3,91
94,Lonely Eyes,Chris Young,18,50
95,Fireball,Pitbull Featuring John Ryan,20,96
96,Homegrown Honey,Darius Rucker,20,53
97,Wet Dreamz,J. Cole,20,61
98,Yellow Flicker Beat,Lorde,9,90
99,In Your Arms,Nico & Vinz,12,79
100,Earned It (Fifty Shades Of Grey),The Weeknd,43,3
101,Dear Future Husband,Meghan Trainor,24,14
102,Bad Blood,Taylor Swift Featuring Kendrick Lamar,25,1
103,Style,Taylor Swift,32,6
104,Burnin' Up,Jessie J Featuring 2 Chainz,6,87
105,Something Big,Shawn Mendes,3,80
106,Stuck On A Feeling,Prince Royce Featuring Snoop Dogg,10,43
107,Bad B*tch,French Montana Featuring Jeremih,0,95
108,Neon Light,Blake Shelton,20,89
109,Can't Stop Dancin',Becky G,3,88
110,Shell Shocked,"Juicy J, Wiz Khalifa & Ty Dolla $ign Featuring Kill The Noise & Madsonik",3,99
111,Title,Meghan Trainor,0,100
112,Only One,Kanye West Featuring Paul McCartney,8,35
113,Outside,Calvin Harris Featuring Ellie Goulding,20,29
114,Throw Sum Mo,Rae Sremmurd Featuring Nicki Minaj & Young Thug,20,30
115,Take Your Time,Sam Hunt,32,20
116,What We Ain't Got,Jake Owen,11,89
117,Geronimo,Sheppard,21,53
118,A Guy Walks Into A Bar,Tyler Farr,20,51
119,Take It On Back,Chase Bryant,8,82
120,Ain't Worth The Whiskey,Cole Swindell,19,43
121,I Mean It,G-Eazy Featuring Remo,4,98
122,Elastic Heart,Sia,30,17
123,Ayo,Chris Brown & Tyga,20,21
124,Love Me Like You Do,Ellie Goulding,34,3
125,Irresistible,Fall Out Boy,14,48
126,Best Friends,Sophia Grace,0,87
127,Not For Long,B.o.B Featuring Trey Songz,9,80
128,Post To Be,Omarion Featuring Chris Brown & Jhene Aiko,37,13
129,All About It,Hoodie Allen Featuring Ed Sheeran,4,71
130,Sugar,Robin Schulz Featuring Francesco Yates,42,2
131,Heartbeat Song,Kelly Clarkson,20,21
132,Homegrown,Zac Brown Band,20,35
133,Uma Thurman,Fall Out Boy,27,22
134,Glory,Common & John Legend,3,49
135,Say You Do,Dierks Bentley,18,52
136,The Body,Wale Featuring Jeremih,6,87
137,FourFiveSeconds,Rihanna & Kanye West & Paul McCartney,20,4
138,Truffle Butter,Nicki Minaj Featuring Drake & Lil Wayne,20,14
139,Worth It,Fifth Harmony Featuring Kid Ink,36,12
140,Trap Queen,Fetty Wap,52,2
141,Somebody,Natalie La Rose Featuring Jeremih,26,10
142,Immortals,Fall Out Boy,8,72
143,Slow Motion,Trey Songz,26,26
144,Shots,Imagine Dragons,3,75
145,Budapest,George Ezra,23,32
146,Chains,Nick Jonas,20,13
147,Talking Body,Tove Lo,30,12
148,I Bet,Ciara,14,43
149,Work It,"Missy ""Misdemeanor"" Elliott",26,35
150,Get Ur Freak On,"Missy ""Misdemeanor"" Elliott",25,40
151,Blessings,Chance The Rapper Featuring Ty Dolla $ign,20,28
152,Lay Me Down,Sam Smith,20,8
153,A Little Too Much,Shawn Mendes,0,94
154,Hotel,Kid Ink Featuring Chris Brown,0,96
155,Out The Speakers,A-Trak + Milo & Otis Featuring Rich Kidz,0,98
156,Girl Crush,Little Big Town,24,18
157,Energy,Drake,20,26
158,Little Red Wagon,Miranda Lambert,11,55
159,One Last Time,Ariana Grande,20,13
160,Preach,YoungBoy Never Broke Again,2,82
161,Legend,Drake,12,52
162,10 Bands,Drake,13,58
163,Used To,Drake Featuring Lil Wayne,2,84
164,Where You Belong,The Weeknd,0,95
165,"Honey, I'm Good.",Andy Grammer,31,9
166,I Put A Spell On You,Annie Lennox,0,97
167,Keep Your Money,Empire Cast Featuring Jussie Smollett,0,99
168,What Kind Of Man,Florence + The Machine,2,88
169,Wonderland,Taylor Swift,0,51
170,Know Yourself,Drake,20,53
171,No Tellin',Drake,2,81
172,6 God,Drake,0,83
173,Now & Forever,Drake,0,95
174,6 Man,Drake,0,97
175,Go Hard Or Go Home,Wiz Khalifa & Iggy Azalea,2,86
176,I Want You To Know,Zedd Featuring Selena Gomez,16,17
177,First Kiss,Kid Rock,0,66
178,You're So Beautiful,Empire Cast Featuring Jussie Smollett & Yazz,4,47
179,All Your Fault,Big Sean Featuring Kanye West,0,80
180,You Are In Love,Taylor Swift,0,83
181,Nobody Love,Tori Kelly,11,60
182,Smoke,A Thousand Horses,20,47
183,Raise 'Em Up,Keith Urban Featuring Eric Church,14,56
184,One Man Can Change The World,Big Sean Featuring Kanye West & John Legend,10,82
185,Watch Me,Silento,51,3
186,Paradise,Big Sean,0,99
187,All Day,"Kanye West Featuring Theophilus London, Allan Kingdom & Paul McCartney",15,15
188,Conqueror,Empire Cast Featuring Estelle & Jussie Smollett,2,42
189,I Really Like You,Carly Rae Jepsen,20,39
190,New Romantics,Taylor Swift,8,46
191,Don't It,Billy Currington,20,44
192,Adore,Cashmere Cat Featuring Ariana Grande,0,93
193,She Don't Love You,Eric Paslay,12,77
194,Monster,Meek Mill,3,73
195,Where Are U Now,Skrillex & Diplo With Justin Bieber,45,8
196,Believe,Mumford & Sons,15,31
197,Want To Want Me,Jason Derulo,35,5
198,Games,Luke Bryan,5,92
199,Bills,LunchMoney Lewis,6,79
200,Bright,Echosmith,20,40
201,Wild Child,Kenny Chesney With Grace Potter,15,56
202,Diamond Rings And Old Barstools,Tim McGraw With Catherine Dunn,17,55
203,Little Toy Guns,Carrie Underwood,18,47
204,See You Again,Wiz Khalifa Featuring Charlie Puth,52,1
205,King Kunta,Kendrick Lamar,11,58
206,The Blacker The Berry,Kendrick Lamar,0,66
207,Alright,Kendrick Lamar,14,81
208,Fairly Local,twenty one pilots,0,84
209,Wesley's Theory,Kendrick Lamar Featuring George Clinton & Thundercat,0,91
210,These Walls,"Kendrick Lamar Featuring Bilal, Anna Wise & Thundercat",0,94
211,Sippin' On Fire,Florida Georgia Line,20,40
212,Institutionalized,"Kendrick Lamar Featuring Bilal, Anna Wise & Snoop Dogg",0,99
213,B**** Better Have My Money,Rihanna,23,15
214,El Perdon (Forgiveness),Nicky Jam & Enrique Iglesias,30,56
215,Trouble,Iggy Azalea Featuring Jennifer Hudson,5,67
216,Hey Mama,"David Guetta Featuring Nicki Minaj, Bebe Rexha & Afrojack",24,8
217,Failure,Breaking Benjamin,0,80
218,Baby Blue,Action Bronson Featuring Chance The Rapper,0,91
219,Love You Like That,Canaan Smith,20,46
220,You Know You Like It,DJ Snake & AlunaGeorge,21,13
221,Like A Wrecking Ball,Eric Church,22,51
222,Get Low,Zedd & Liam Payne,9,61
223,The Matrimony,Wale Featuring Usher,19,70
224,Good Lovin,Ludacris Featuring Miguel,2,91
225,Love Me Like You Mean It,Kelsea Ballerini,18,45
226,Commas,Future,20,55
227,Ride Out,"Kid Ink, Tyga, Wale, YG & Rich Homie Quan",3,70
228,Tear In My Heart,twenty one pilots,8,82
229,Crash And Burn,Thomas Rhett,20,36
230,Goodbye,Who Is Fancy,0,98
231,Baby Be My Love Song,Easton Corbin,16,56
232,Lean On,Major Lazer & DJ Snake Featuring MO,48,4
233,Nasty Freestyle,T-Wayne,20,9
234,Fight Song,Rachel Platten,31,6
235,American Oxygen,Rihanna,4,78
236,Sangria,Blake Shelton,20,38
237,Be Real,Kid Ink Featuring DeJ Loaf,20,43
238,Imagine,Sawyer Fredericks,5,24
239,Renegades,X Ambassadors,35,17
240,House Of The Rising Sun,Kimberly Nichole,0,100
241,Hallelujah,Pentatonix,11,23
242,Nothing Without Love,Nate Ruess,4,77
243,Nasty,Bandit Gang Marco Featuring Dro,9,41
244,Make It Rain,Koryn Hawthorne,0,84
245,Cheerleader,OMI,35,1
246,Flex (Ooh Ooh Ooh),Rich Homie Quan,27,26
247,I Don't Get Tired (#IDGT),Kevin Gates Featuring August Alsina,9,90
248,Iris,Sawyer Fredericks,0,100
249,Simple Man,Sawyer Fredericks,0,71
250,Infinity,One Direction,2,54
251,Stressed Out,twenty one pilots,52,2
252,Flicka Da Wrist,Chedda Da Connect,4,94
253,Tonight Looks Good On You,Jason Aldean,18,46
254,One Hell Of An Amen,Brantley Gilbert,18,44
255,Crushin' It,Brad Paisley,15,66
256,Pretty Girls,Britney Spears & Iggy Azalea,8,29
257,Coffee,Miguel,3,78
258,I Need Your Love,"Shaggy Featuring Mohombi, Faydee, Costi",8,66
259,Classic Man,Jidenna Featuring Roman GianArthur,21,22
260,The Night Is Still Young,Nicki Minaj,17,31
261,Shine On,Sawyer Fredericks,0,99
262,I'm Comin' Over,Chris Young,23,33
263,This Summer's Gonna Hurt...,Maroon 5,13,23
264,How Many Times,"DJ Khaled Featuring Chris Brown, Lil Wayne & Big Sean",15,68
265,Fun,Pitbull Featuring Chris Brown,15,40
266,Photograph,J. Cole,30,10
267,Beautiful Life,Nick Fradiani,0,93
268,A Thousand Years,Sawyer Fredericks,0,94
269,Kick The Dust Up,Luke Bryan,20,26
270,Please,Sawyer Fredericks,0,37
271,Old Man,Sawyer Fredericks,0,63
272,Flashlight,Jessie J,7,61
273,Beautiful Now,Zedd Featuring Jon Bellion,14,64
274,Change My Mind,Meghan Linsey,0,92
275,The Hills,The Weeknd,48,1
276,L$D,A$AP Rocky,3,62
277,Electric Body,A$AP Rocky Featuring ScHoolboy Q,2,80
278,Stitches,Shawn Mendes,52,4
279,Loving You Easy,Zac Brown Band,17,40
280,Young & Crazy,Frankie Ballard,15,55
281,Buy Me A Boat,Chris Janson,20,41
282,You Changed Me,Jamie Foxx Featuring Chris Brown,2,93
283,Kiss You In The Morning,Michael Ray,14,55
284,Planez,Jeremih Featuring J. Cole,20,44
285,Phenomenal,Eminem,0,47
286,"Ulay, Oh",How I Became The Bomb,0,58
287,House Party,Sam Hunt,20,26
288,Everyday,Logic & Marshmello,13,29
289,Hood Go Crazy,Tech N9Ne Featuring 2 Chainz & B.o.B,7,90
290,Hell Of A Night,Dustin Lynch,16,55
291,Can't Feel My Face,The Weeknd,41,1
292,3500,Travi$ Scott Featuring Future & 2 Chainz,0,82
293,"John Cougar, John Deere, John 3:16",Keith Urban,20,40
294,Back It Up,Prince Royce Featuring Jennifer Lopez & Pitbull,2,92
295,This Could Be Us,Rae Sremmurd,20,49
296,Lose My Mind,Brett Eldredge,20,48
297,Ghost Town,Kanye West Featuring PARTYNEXTDOOR,17,16
298,B**** I'm Madonna,Madonna Featuring Nicki Minaj,2,84
299,Marvin Gaye,Charlie Puth Featuring Meghan Trainor,20,21
300,Sparks,Hilary Duff,0,93
301,Good Thing,Sage The Gemini Featuring Nick Jonas,8,75
302,Good For You,Selena Gomez Featuring A$AP Rocky,26,5
303,No Sleeep,Janet Featuring J. Cole,2,63
304,"I Don't Like It, I Love It",Flo Rida Featuring Robin Thicke & Verdine White,14,43
305,All Eyes On You,Meek Mill Featuring Chris Brown & Nicki Minaj,20,21
306,Yoga,Janelle Monae & Jidenna,6,79
307,Real Life,The Weeknd,13,62
308,Like I Can,Sam Smith,2,99
309,Check,Young Thug,0,100
310,679,Fetty Wap Featuring Remy Boyz,40,4
311,Cool For The Summer,Demi Lovato,20,11
312,R.I.C.O.,Meek Mill Featuring Drake,13,40
313,Play No Games,Big Sean Featuring Chris Brown & Ty Dolla $ign,14,84
314,Do It Again,Pia Mia Featuring Chris Brown & Tyga,11,71
315,Bad For You,Meek Mill Featuring Nicki Minaj,2,78
316,My Way,Fetty Wap Featuring Monty,22,7
317,Brother,NEEDTOBREATHE Featuring Gavin DeGraw,2,98
318,Love Is Your Name,Steven Tyler,0,75
319,Lord Knows,Meek Mill,2,88
320,Jump Out The Face,Meek Mill Featuring Future,2,91
321,Like I'm Gonna Lose You,Meghan Trainor Featuring John Legend,39,8
322,Ex's & Oh's,Elle King,38,10
323,Break Up With Him,Old Dominion,20,44
324,Kings Never Die,Eminem Featuring Gwen Stefani,2,80
325,Should've Been Us,Tori Kelly,10,51
326,Fly,Maddie & Tae,14,61
327,Burning House,Emily Ann Roberts,25,29
328,She's Kinda Hot,5 Seconds Of Summer,9,22
329,How Deep Is Your Love,Calvin Harris & Disciples,20,27
330,Where Ya At,Future Featuring Drake,25,28
331,Strip It Down,Luke Bryan,20,30
332,Locked Away,R. City Featuring Adam Levine,27,6
333,Blow A Bag,Future,0,95
334,Anything Goes,Florida Georgia Line,18,55
335,Save It For A Rainy Day,Kenny Chesney,17,54
336,Dance Like We're Making Love,Ciara,0,100
337,Fire N Gold,Bea Miller,0,78
338,Cheyenne,Jason Derulo,7,66
339,Drag Me Down,One Direction,20,3
340,Back To Back,Drake,20,21
341,Rotten To The Core,"Dove Cameron, Cameron Boyce, Booboo Stewart & Sofia Carson",6,38
342,Omen,Disclosure Featuring Sam Smith,6,64
343,Hotline Bling,Drake,36,2
344,Charged Up,Drake,0,78
345,100,The Game Featuring Drake,10,82
346,Comfortable,K Camp,15,54
347,Let Me See Ya Girl,Cole Swindell,18,59
348,Here,Alessia Cara,34,5
349,If Only,Dove Cameron,2,94
350,Again,Fetty Wap,26,33
351,High By The Beach,Lana Del Rey,3,51
352,Love Myself,Hailee Steinfeld,16,30
353,Nothin' Like You,Dan + Shay,19,51
354,Gonna Wanna Tonight,Chase Rice,12,67
355,Black Magic,Little Mix,8,67
356,100 Grandkids,Mac Miller,0,100
357,Straight Outta Compton,N.W.A,2,38
358,Hit The Quan,iLoveMemphis,20,15
359,Boyz-N-The Hood,Eazy-E,2,50
360,The Fix,Nelly Featuring Jeremih,20,62
361,Fly Away,5 Seconds Of Summer,0,100
362,Smoke Break,Carrie Underwood,19,43
363,Levels,Nick Jonas,12,44
364,No Role Modelz,J. Cole,25,36
365,Downtown,"Macklemore & Ryan Lewis Featuring Eric Nally, Melle Mel, Kool Moe Dee & Grandmaster Caz",20,12
366,Liquor,Chris Brown,17,60
367,About You,Trey Songz,3,83
368,Cecilia And The Satellite,Andrew McMahon In The Wilderness,3,96
369,I'm To Blame,Kip Moore,0,100
370,What Do You Mean?,Justin Bieber,31,1
371,Wildest Dreams,Taylor Swift,27,5
372,Prisoner,The Weeknd Featuring Lana Del Rey,3,47
373,Tell Your Friends,The Weeknd,3,54
374,Acquainted,The Weeknd,18,60
375,Roots,Imagine Dragons,0,77
376,Shameless,The Weeknd,2,79
377,Losers,The Weeknd Featuring Labrinth,0,85
378,Dark Times,The Weeknd Featuring Ed Sheeran,3,91
379,Jet Black Heart,5 Seconds Of Summer,0,95
380,New Americana,Halsey,17,60
381,In The Night,The Weeknd,20,12
382,Antidote,Travis Scott,26,16
383,Burn Slow,Wiz Khalifa Featuring Rae Sremmurd,0,83
384,White Iverson,Post Malone,30,14
385,Ginza,J Balvin,15,84
386,Same Old Love,Selena Gomez,28,5
387,Right Hand,Drake,19,58
388,Blase,Ty Dolla $ign Featuring Future & Rae Sremmurd,18,63
389,Gonna,Blake Shelton,18,54
390,Nothing But Trouble (Instagram Models),Lil Wayne & Charlie Puth,7,86
391,Hold My Hand,Jess Glynne,6,86
392,Firestone,Kygo Featuring Conrad,0,92
393,Hide Away,Daya,27,23
394,Come Get Her,Rae Sremmurd,19,56
395,On My Mind,Ellie Goulding,22,13
396,Jumpman,Drake & Future,32,12
397,RGF Island,Fetty Wap,14,57
398,Diamonds Dancing,Drake & Future,8,53
399,$ave Dat Money,Lil Dicky Featuring Fetty Wap & Rich Homie Quan,19,71
400,Big Rings,Drake & Future,20,52
401,Digital Dash,Drake & Future,7,62
402,Confident,Demi Lovato,20,21
403,Live From The Gutter,Drake & Future,5,74
404,Scholarships,Drake & Future,7,69
405,30 For 30 Freestyle,Drake,2,88
406,I'm The Plug,Drake & Future,5,76
407,Runnin' (Lose It All),Naughty Boy Featuring Beyonce & Arrow Benjamin,0,90
408,Die A Happy Man,Thomas Rhett,30,21
409,Powerful,Major Lazer Featuring Ellie Goulding & Tarrus Riley,6,83
410,Hold Each Other,A Great Big World Featuring FUTURISTIC,2,99
411,Alive,Sia,3,56
412,Writing's On The Wall,Sam Smith,2,71
413,Plastic Bag,Drake & Future,2,78
414,Change Locations,Drake & Future,3,82
415,Jugg,Fetty Wap Featuring Monty,6,86
416,Jersey,Future,2,87
417,Lay It All On Me,Rudimental Featuring Ed Sheeran,16,48
418,Back Up,DeJ Loaf Featuring Big Sean,18,47
419,Break Up In A Small Town,Sam Hunt,20,29
420,Stay A Little Longer,Brothers Osborne,20,46
421,I Got The Boy,Jana Kramer,16,56
422,Top Of The World,Tim McGraw,13,73
423,Love Me,The 1975,0,100
424,Perfect,One Direction,57,1
425,Cake By The Ocean,DNCE,46,9
426,Say It,Tory Lanez,24,23
427,Gonna Know We Were Here,Jason Aldean,16,54
428,Roses,benny blanco & Juice WRLD Featuring Brendon Urie,31,6
429,Home,gnash Featuring Johnny Yukon,5,74
430,Can't Sleep Love,Pentatonix,0,99
431,Hello,Adele,26,1
432,Sorry,Rick Ross Featuring Chris Brown,42,1
433,Emperor's New Clothes,Panic! At The Disco,4,68
434,Used To Love You Sober,Kane Brown,0,82
435,Used To Love You,Gwen Stefani,9,52
436,Dibs,Kelsea Ballerini,17,58
437,I Love This Life,LOCASH,18,56
438,Exchange,Bryson Tiller,34,26
439,Focus,H.E.R.,13,7
440,Tennessee Whiskey,Chris Stapleton,6,20
441,Thriller,Michael Jackson,18,31
442,I'll Show You,Justin Bieber,12,19
443,"Me, Myself & I",G-Eazy x Bebe Rexha,37,7
444,Beautiful Drug,Zac Brown Band,20,52
445,Already Callin' You Mine,Parmalee,3,91
446,We Went,Randy Houser,13,60
447,Adventure Of A Lifetime,Coldplay,20,13
448,Do It Like Me,DLOW,15,45
449,History,One Direction,6,65
450,Traveller,Chris Stapleton,0,87
451,Halo,Jordan Smith,0,88
452,WTF (Where They From),Missy Elliott Featuring Pharrell Williams,14,22
453,Stand By You,Rachel Platten,20,37
454,My House,Flo Rida,39,4
455,Love Yourself,Justin Bieber,41,1
456,Great Is Thy Faithfulness,Jordan Smith,0,30
457,The Feeling,Justin Bieber Featuring Halsey,7,31
458,Mark My Words,Justin Bieber,4,42
459,Purpose,Justin Bieber,7,43
460,No Pressure,Justin Bieber Featuring Big Sean,4,49
461,Company,Justin Bieber,12,53
462,No Sense,Justin Bieber Featuring Travi$ Scott,3,54
463,Life Is Worth Living,Justin Bieber,2,67
464,Children,Justin Bieber,0,74
465,Been You,Justin Bieber,0,81
466,If I Could Fly,One Direction,0,83
467,Olivia,One Direction,0,87
468,We Are,Justin Bieber Featuring Nas,0,88
469,Get Used To It,Justin Bieber,0,90
470,A.M.,One Direction,0,94
471,Temporary Fix,One Direction,0,96
472,I Know What You Did Last Summer,Shawn Mendes & Camila Cabello,20,20
473,Trust,Justin Bieber,0,98
474,Never Enough,One Direction,4,88
475,When We Were Young,Adele,20,14
476,Water Under The Bridge,Adele,22,26
477,Send My Love (To Your New Lover),Adele,27,8
478,Remedy,Adele,0,87
479,Home Alone Tonight,Luke Bryan Featuring Karen Fairchild,19,38
480,Best Friend,Young Thug,20,45
481,Rich $ex,Future,0,100
482,Down In The DM,Yo Gotti Featuring Nicki Minaj,21,13
483,One Call Away,Charlie Puth,26,12
484,I'd Just Love To Lay You Down,Barrett Baber,0,92
485,Daddy,PSY Featuring CL,0,97
486,Girls Just Want To Have Fun,Madi Davis,0,98
487,Somebody To Love,Jordan Smith,2,21
488,Rockin' Around The Christmas Tree,Brenda Lee,27,9
489,Hands To Myself,Selena Gomez,20,7
490,Dessert,Dawin,11,68
491,Backroad Song,Granger Smith,16,49
492,Random,G-Eazy,0,94
493,Drifting,G-Eazy Featuring Chris Brown & Tory Lanez,0,98
494,Mary Did You Know,Jordan Smith,0,24
495,Back To Sleep,Chris Brown,20,20
496,You Should Be Here,Cole Swindell,20,31
497,Climb Every Mountain,Jordan Smith,0,72
498,Good To Be Alive (Hallelujah),Andy Grammer,10,62
499,God Only Knows,Jordan Smith & Adam Levine,0,90
500,Sorry Not Sorry,Demi Lovato,36,6
501,Hollow,Tori Kelly,11,68
502,The Christmas Song (Merry Christmas To You),Nat King Cole,17,11
503,Jingle Bell Rock,Bobby Helms,25,8
504,Zero,Chris Brown,2,80
505,Little More (Royalty),Chris Brown,0,91
506,Really Really,Kevin Gates,26,46
507,Let It Go,James Bay,34,16
508,Stick Talk,Future,2,91
509,Get Ugly,Jason Derulo,12,52
510,Watch Out,2 Chainz,11,64
511,Mr. Misunderstood,Eric Church,5,84
512,Break On Me.,Keith Urban,12,54
513,Confession,Florida Georgia Line,20,53
514,Out Of The Woods,Taylor Swift,10,44
515,Heartbeat,Carrie Underwood,14,42
516,Oui,Jeremih,27,19
517,2 Phones,Kevin Gates,25,17
518,Nobody To Blame,Chris Stapleton,15,68
519,Lazarus,David Bowie,0,40
520,Space Oddity,David Bowie,15,42
521,Under Pressure,Queen & David Bowie,16,45
522,Blackstar,David Bowie,0,78
523,Drunk On Your Love,Brett Eldredge,15,35
524,Bang My Head,David Guetta Featuring Sia & Fetty Wap,6,76
525,I Took A Pill In Ibiza,Mike Posner,37,4
526,Walking On A Dream,Empire Of The Sun,5,65
527,Victorious,Panic! At The Disco,4,89
528,Death Of A Bachelor,Panic! At The Disco,0,92
529,Middle,DJ Snake Featuring Bipolar Sunshine,21,20
530,7 Years,Lukas Graham,36,2
531,Lean & Dabb,iLoveMemphis,0,98
532,Work,Rihanna Featuring Drake,36,1
533,Bake Sale,Wiz Khalifa Featuring Travi$ Scott,2,56
534,Something In The Way You Move,Ellie Goulding,10,43
535,I Like The Sound Of That,Rascal Flatts,16,52
536,My Church,Maren Morris,20,50
537,Country Nation,Brad Paisley,2,94
538,Humble And Kind,Tim McGraw,20,30
539,Bottom Of The Bottle,Curren$Y Featuring August Alsina & Lil Wayne,0,97
540,Somewhere On A Beach,Dierks Bentley,20,35
541,Snapback,Old Dominion,20,50
542,Pillowtalk,Zayn,24,1
543,Summer Sixteen,Drake,14,6
544,Hymn For The Weekend,Coldplay,23,25
545,We Don't Talk Anymore,Charlie Puth Featuring Selena Gomez,24,9
546,Youth,Troye Sivan,18,23
547,Needed Me,Rihanna,45,7
548,Jam,"Kevin Gates Featuring Trey Songz, Ty Dolla $ign & Jamie Foxx",0,97
549,Low Life,Future Featuring The Weeknd,35,18
550,Fly S**t Only,Future,0,67
551,Jimmy Choo,Fetty Wap,11,65
552,Ophelia,The Lumineers,12,66
553,Don't Let Me Down,The Chainsmokers Featuring Daya,52,3
554,Whisper,Chase Rice,0,94
555,Little Bit Of You,Chase Bryant,11,71
556,Make Me Like You,Gwen Stefani,5,54
557,All I Ask,Adele,0,77
558,Cheap Thrills,Sia Featuring Sean Paul,52,1
559,Never Forget You,Zara Larsson & MNEK,23,13
560,Might Be,DJ Luke Nasty,10,78
561,Think Of You,Chris Young Duet With Cassadee Pope,20,40
562,Promise,Kid Ink Featuring Fetty Wap,14,57
563,That Don't Sound Like You,Lee Brice,11,64
564,Lost Boy,Ruth B,22,24
565,Mind Reader,Dustin Lynch,16,57
566,Look At My Dab,Migos,0,87
567,The Sound Of Silence,Disturbed,20,42
568,Wild Things,Alessia Cara,20,50
569,Saved,Ty Dolla $ign Featuring E-40,9,81
570,Cut It,O.T. Genasis Featuring Young Dolph,20,35
571,Panda,Desiigner,40,1
572,Might Not,Belly Featuring The Weeknd,17,68
573,Piece By Piece,Kelly Clarkson,15,8
574,Work From Home,Fifth Harmony Featuring Ty Dolla $ign,34,4
575,It's You,Zayn,0,59
576,Hello Friday,Flo Rida Featuring Jason Derulo,0,79
577,T-Shirt,Thomas Rhett,25,19
578,Til It Happens To You,Lady Gaga,0,95
579,Head Over Boots,Jon Pardi,24,51
580,No,Meghan Trainor,20,3
581,Came Here To Forget,Blake Shelton,19,36
582,Try Everything,Shakira,9,63
583,Untitled 02 l 06.23.2014.,Kendrick Lamar,0,79
584,American Country Love Song,Jake Owen,17,55
585,Untitled 07 l Levitate,Kendrick Lamar,0,90
586,Something New,Zendaya Featuring Chris Brown,3,92
587,Gotta Lotta,2 Chainz Featuring Lil Wayne,0,100
588,Dangerous Woman,Ariana Grande,21,8
589,Like I Would,Zayn,3,55
590,Ride,twenty one pilots,39,5
591,Light It Up,Major Lazer Featuring Nyla & Fuse ODG,20,57
592,Fast Car,Jonas Blue Featuring Dakota,5,98
593,Team,Iggy Azalea,8,42
594,Be Alright,Dean Lewis,13,40
595,Body,Loud Luxury Featuring Brando,18,62
596,Close,Rae Sremmurd & Travis Scott,20,14
597,Noise,Kenny Chesney,14,72
598,With Them,Young Thug,0,87
599,All The Way Up,"Fat Joe, Remy Ma & Jay Z Featuring French Montana & Infared",20,27
600,"Huntin', Fishin' & Lovin' Every Day",Luke Bryan,20,37
601,Digits,Young Thug,0,93
602,Moolah,Young Greatness,9,85
603,New Level,A$AP Ferg Featuring Future,3,90
604,Uber Everywhere,MadeinTYO,20,51
605,Pop Style,Drake Featuring The Throne,20,16
606,One Dance,Drake Featuring WizKid & Kyla,36,1
607,Famous,Mason Ramsey,14,34
608,Father Stretch My Hands Pt. 1,Kanye West,23,37
609,Lights Come On,Jason Aldean,19,43
610,Pt. 2,Kanye West,3,54
611,Ultralight Beam,Kanye West,2,67
612,Wasted Time,Keith Urban,17,51
613,Kiss It Better,Rihanna,12,62
614,FML,Kanye West,0,84
615,Real Friends,Kanye West,0,92
616,Come And See Me,PARTYNEXTDOOR Featuring Drake,24,55
617,Never Be Like You,Flume Featuring Kai,26,20
618,Feedback,Kanye West,0,99
619,Record Year,Eric Church,20,44
620,Messin' Around,Pitbull Featuring Enrique Iglesias,8,64
621,Law,Yo Gotti Featuring E-40,9,79
622,Faded,Alan Walker,8,80
623,Ain't Your Mama,Jennifer Lopez,2,76
624,If It Ain't Love,Jason Derulo,8,67
625,Purple Rain,Prince And The Revolution,18,4
626,When Doves Cry,Prince,23,8
627,Kiss,Prince And The Revolution,20,23
628,Little Red Corvette,Prince,24,20
629,Let's Go Crazy,Prince And The Revolution,21,25
630,1999,Prince,30,27
631,Just Like Fire,P!nk,26,10
632,Wicked,Future,20,41
633,I Hate U I Love U,gnash Featuring Olivia O'Brien,39,10
634,You Don't Own Me,Grace Featuring G-Eazy,20,57
635,Let Me Love You,DJ Snake Featuring Justin Bieber,33,4
636,Formation,Beyonce,7,10
637,Hold Up,Beyonce,14,13
638,6 Inch,Beyonce Featuring The Weeknd,3,18
639,Don't Hurt Yourself,Beyonce Featuring Jack White,2,28
640,Raspberry Beret,Prince And The Revolution,18,33
641,Freedom,Beyonce Featuring Kendrick Lamar,2,35
642,Pray You Catch Me,Beyonce,2,37
643,All Night,Beyonce,2,38
644,I Would Die 4 U,Prince And The Revolution,16,39
645,Daddy Lessons,Beyonce,2,41
646,Sandcastles,Beyonce,2,43
647,Love Drought,Beyonce,2,47
648,Forward,Beyonce Featuring James Blake,0,63
649,Wake Up,Travis Scott,13,30
650,Go Flex,Post Malone,11,76
651,This Is What You Came For,Calvin Harris Featuring Rihanna,32,3
652,H.O.L.Y.,Florida Georgia Line,22,14
653,My Boo,Ghost Town DJ's,36,27
654,Hype,Drake,10,33
655,Controlla,Drake,26,16
656,Grammys,Drake Featuring Future,9,38
657,Still Here,Drake,10,40
658,U With Me?,Drake,4,44
659,9,Drake,5,45
660,With You,Drake Featuring PARTYNEXTDOOR,7,47
661,Childs Play,Drake,14,49
662,Too Good,Drake Featuring Rihanna,29,14
663,Feel No Ways,Drake,6,53
664,Weston Road Flows,Drake,2,54
665,Redemption,Drake,3,61
666,Don't Mind,Kent Jones,20,8
667,Keep The Family Close,Drake,2,68
668,Faithful,Drake Featuring Pimp C & dvsn,2,72
669,True Colors,Zedd & Kesha,2,48
670,Fire & Desire,Drake,4,75
671,Views,Drake,0,86
672,Can't Stop The Feeling!,Justin Timberlake,52,1
673,Go Ahead And Break My Heart,Blake Shelton Featuring Gwen Stefani,0,70
674,Into You,Ariana Grande,24,13
675,Church Bells,Carrie Underwood,17,43
676,Me Too,Meghan Trainor,20,13
677,Wherever I Go,OneRepublic,12,55
678,The Fighter,Keith Urban Featuring Carrie Underwood,23,38
679,No Problem,Chance The Rapper Featuring Lil Wayne & 2 Chainz,26,43
680,THat Part,ScHoolboy Q Featuring Kanye West,20,40
681,I'm Sorry,Adam Wakefield,0,94
682,Unsteady,X Ambassadors,34,20
683,Lonesome Broken And Blue,Adam Wakefield,0,73
684,Love On The Brain,Rihanna,31,5
685,From The Ground Up,Dan + Shay,16,48
686,Every Breath You Take,Hannah Huston,0,94
687,Gold,Kiiara,27,13
688,With You Tonight / Hasta El Amanecer,Nicky Jam,19,73
689,Down That Road,Alisan Porter,0,100
690,Kill Em With Kindness,Selena Gomez,15,39
691,Peter Pan,Kelsea Ballerini,20,35
692,Make You Miss Me,Sam Hunt,19,45
693,Different For Girls,Dierks Bentley Featuring Elle King,20,42
694,Fix,Chris Lane,12,65
695,"Sit Still, Look Pretty",Daya,24,28
696,For Free,DJ Khaled Featuring Drake,20,13
697,Treat You Better,Shawn Mendes,39,6
698,Nothing Is Promised,Mike WiLL Made-It x Rihanna,0,75
699,Champions,"Kanye West, Gucci Mane, Big Sean, 2 Chainz, Travi$ Scott, Yo Gotti, Quavo, Desiigner",3,71
700,Broccoli,D.R.A.M. Featuring Lil Yachty,37,5
701,Sweatshirt,Jacob Sartorius,0,90
702,Money Longer,Lil Uzi Vert,22,54
703,My PYT,Wale,15,54
704,Toothbrush,DNCE,10,44
705,Heathens,twenty one pilots,39,2
706,Dark Necessities,Red Hot Chili Peppers,2,67
707,All In My Head (Flex),Fifth Harmony Featuring Fetty Wap,18,24
708,What The World Needs Now Is Love,Broadway For Orlando,0,86
709,Ain't No Stopping Us Now,Kane Brown,0,88
710,Why You Always Hatin?,YG Featuring Drake & Kamaiyah,18,62
711,Night's On Fire,David Nail,5,81
712,Sucker For Pain,"Lil Wayne, Wiz Khalifa & Imagine Dragons With Logic & Ty Dolla $ign Feat. X Ambassadors",22,15
713,I Got The Keys,DJ Khaled Featuring Jay Z & Future,17,30
714,No Limit,Usher Featuring Young Thug,29,4
715,She's Got A Way With Words,Blake Shelton,12,61
716,Luv,Tory Lanez,22,19
717,M.I.L.F. $,Fergie,3,34
718,Bored To Death,Blink-182,2,85
719,Brand New,Ben Rector,5,82
720,Lockjaw,French Montana Featuring Kodak Black,13,73
721,Flexicution,Logic,0,100
722,Love Make The World Go Round,Jennifer Lopez & Lin-Manuel Miranda,0,72
723,Duele El Corazon,Enrique Iglesias Featuring Wisin,8,82
724,You Was Right,Lil Uzi Vert,28,40
725,You & Me,Marc E. Bassy Featuring G-Eazy,16,58
726,La Bicicleta,Carlos Vives & Shakira,0,95
727,Lush Life,Zara Larsson,3,75
728,No Money,Galantis,5,88
729,Rise,Katy Perry,9,11
730,Make Me...,Britney Spears Featuring G-Eazy,9,17
731,Vice,Miranda Lambert,19,47
732,Girls Talk Boys,5 Seconds Of Summer,0,68
733,Mama Said,Lukas Graham,11,36
734,Body Say,Demi Lovato,0,84
735,No Shopping,French Montana Featuring Drake,11,36
736,A Little More Summertime,Jason Aldean,13,52
737,"Wat U Mean (Aye, Aye, Aye)",Dae Dae,17,66
738,Sex With Me,Rihanna,15,83
739,Cold Water,Major Lazer Featuring Justin Bieber & MO,27,2
740,Tiimmy Turner,Desiigner,20,34
741,Purple Lamborghini,Skrillex & Rick Ross,10,33
742,Hit Or Miss,Jacob Sartorius,2,72
743,Back On Road,Gucci Mane & Drake,0,81
744,1 Night,Lil Yachty,20,49
745,P**** Print,Gucci Mane Featuring Kanye West,0,89
746,This Girl,Kungs vs Cookin' On 3 Burners,14,26
747,It Don't Hurt Like It Used To,Billy Currington,17,44
748,Middle Of A Memory,Cole Swindell,20,46
749,Castaway,Zac Brown Band,2,96
750,Closer,The Chainsmokers Featuring Halsey,52,1
751,Setting The World On Fire,Kenny Chesney Featuring P!nk,20,29
752,Holy Key,"DJ Khaled Featuring Big Sean, Kendrick Lamar & Betty Wright",0,84
753,Starving,Hailee Steinfeld & Grey Featuring Zedd,29,12
754,Chill Bill,Rob $tone Featuring J. Davi$ & Spooks,26,29
755,Gangsta,Kehlani,12,41
756,Bohemian Rhapsody,Queen,44,33
757,Cool Girl,Tove Lo,5,84
758,Do You Mind,"DJ Khaled Featuring Nicki Minaj, Chris Brown, August Alsina, Jeremih, Future & Rick Ross",20,27
759,You Look Like I Need A Drink,Justin Moore,8,79
760,Look Alive,Rae Sremmurd,25,5
761,Pick Up The Phone,Young Thug And Travis Scott Featuring Quavo,20,43
762,In The Name Of Love,Martin Garrix & Bebe Rexha,23,24
763,Wishing,"DJ Drama Featuring Chris Brown, Skeme & Lyquin",14,77
764,Rock On,Tucker Beathard,10,62
765,Nikes,Frank Ocean,0,79
766,Ivy,Frank Ocean,0,80
767,Pink + White,Frank Ocean,0,84
768,Too Much Sauce,DJ ESCO Featuring Future & Lil Uzi Vert,20,50
769,Mercy,Shawn Mendes,32,15
770,Solo,Frank Ocean,13,58
771,Nights,Frank Ocean,0,98
772,I Met A Girl,William Michael Morgan,9,60
773,Move,Luke Bryan,14,50
774,Side To Side,Ariana Grande Featuring Nicki Minaj,28,4
775,May We All,Florida Georgia Line Featuring Tim McGraw,20,30
776,Grass Ain't Greener,Chris Brown,4,71
777,OOOUUU,Young M.A,20,19
778,Wyclef Jean,Young Thug,0,87
779,Scars To Your Beautiful,Alessia Cara,43,8
780,I Know Somebody,LOCASH,11,52
781,The Greatest,Sia Featuring Kendrick Lamar,23,18
782,Goosebumps,Travis Scott,34,32
783,Caroline,Amine,28,11
784,Fade,Kanye West,13,47
785,Perfect Illusion,Lady Gaga,6,15
786,Blue Ain't Your Color,Keith Urban,21,24
787,Deja Vu,Post Malone Featuring Justin Bieber,20,7
788,Sleep Without You,Brett Young,18,47
789,Black Beatles,Rae Sremmurd Featuring Gucci Mane,27,1
790,X,"ScHoolboy Q, 2 Chainz & Saudi",21,36
791,Forever Country,"Artists Of Then, Now & Forever",4,21
792,Starboy,The Weeknd Featuring Daft Punk,30,1
793,Juju On That Beat (TZ Anthem),Zay Hilfigerrr & Zayion McCall,21,5
794,Key To The Streets,YFN Lucci Featuring Migos & Trouble,11,70
795,Cancer,twenty one pilots,0,91
796,This Town,Niall Horan,22,20
797,HandClap,Fitz And The Tantrums,20,53
798,Song For Another Time,Old Dominion,18,59
799,Capsize,Frenship & Emily Warren,10,78
800,CRZY,Kehlani,5,85
801,All We Know,The Chainsmokers Featuring Phoebe Ryan,16,18
802,False Alarm,The Weeknd,4,55
803,Cranes In The Sky,Solange,2,74
804,Don't Touch My Hair,Solange Featuring Sampha,0,91
805,LIFTED,CL,0,94
806,Fresh Eyes,Andy Grammer,18,59
807,Wanna Be That Song,Brett Eldredge,20,46
808,All Eyez,The Game Featuring Jeremih,5,79
809,24K Magic,Bruno Mars,41,4
810,Love Me Now,John Legend,19,23
811,Don't Wanna Know,Maroon 5 Featuring Kendrick Lamar,27,6
812,Today,Brad Paisley,11,67
813,Million Reasons,Lady Gaga,20,4
814,PPAP (Pen-Pineapple-Apple-Pen),PIKOTARO,4,77
815,All Time Low,Jon Bellion,22,16
816,Ain't My Fault,Zara Larsson,7,76
817,Kids,OneRepublic,0,96
818,Blow Your Mind (Mwah),Dua Lipa,0,72
819,Dirty Laundry,Carrie Underwood,16,48
820,Bad Things,Machine Gun Kelly x Camila Cabello,23,4
821,Alone,Marshmello,14,60
822,80s Mercedes,Maren Morris,13,74
823,My Sh*t,A Boogie Wit da Hoodie,12,86
824,How I'll Always Be,Tim McGraw,12,70
825,Fake Love,Drake,25,8
826,Sneakin',Drake Featuring 21 Savage,14,28
827,A-YO,Lady Gaga,0,66
828,Shout Out To My Ex,Little Mix,3,69
829,No Heart,21 Savage & Metro Boomin,19,43
830,Greenlight,Pitbull Featuring Flo Rida & LunchMoney Lewis,4,95
831,What They Want,Russ,8,83
832,Say You Won't Let Go,James Arthur,52,11
833,Litty,Meek Mill Featuring Tory Lanez,4,49
834,Better Man,Little Big Town,20,34
835,Froze,Meek Mill Featuring Lil Uzi Vert & Nicki Minaj,0,68
836,Offended,Meek Mill Featuring Young Thug & 21 Savage,0,70
837,"Two Birds, One Stone",Drake,0,73
838,On The Regular,Meek Mill,0,75
839,The Difference,Meek Mill Featuring Quavo,0,84
840,Star Of The Show,Thomas Rhett,19,45
841,Blue Notes,Meek Mill,0,93
842,Chantaje,Shakira Featuring Maluma,18,51
843,Blessed Up,Meek Mill,0,97
844,Used To This,Future Featuring Drake,18,14
845,Bounce Back,Big Sean,28,6
846,Setting Fires,The Chainsmokers Featuring XYLO,2,71
847,Selfish,PnB Rock,19,37
848,Kill A Word,Eric Church Featuring Rhiannon Giddens,15,71
849,Me And Your Mama,Childish Gambino,2,68
850,Bad And Boujee,Migos Featuring Lil Uzi Vert,36,1
851,We The People....,A Tribe Called Quest,0,77
852,A Guy With A Girl,Blake Shelton,17,42
853,Call On Me,Starley,18,65
854,Party Monster,The Weeknd,19,16
855,I Feel It Coming,The Weeknd Featuring Daft Punk,26,4
856,Love On The Weekend,John Mayer,2,53
857,That's My Girl,Fifth Harmony,3,73
858,Redbone,Childish Gambino,44,12
859,That's What I Like,Bruno Mars,52,1
860,Slumber Party,Britney Spears Featuring Tinashe,0,86
861,Play That Song,Train,20,41
862,Infinite,Eminem,0,97
863,Versace On The Floor,Bruno Mars,14,33
864,Parachute,Chris Stapleton,5,78
865,Sidewalks,The Weeknd Featuring Kendrick Lamar,4,27
866,Reminder,The Weeknd,17,31
867,Six Feet Under,The Weeknd,4,34
868,Die For You,The Weeknd,3,43
869,Rockin',The Weeknd,2,44
870,All I Know,The Weeknd Featuring Future,2,46
871,Secrets,The Weeknd,2,47
872,How Far I'll Go,Auli'i Cravalho,20,41
873,Stargirl Interlude,The Weeknd Featuring Lana Del Rey,0,61
874,Attention,The Weeknd,40,5
875,Nothing Without You,The Weeknd,0,68
876,A Lonely Night,The Weeknd,0,69
877,Love To Lay,The Weeknd,0,71
878,Ordinary Life,The Weeknd,2,72
879,You're Welcome,Dwayne Johnson,13,65
880,Distraction,Kehlani,0,85
881,We Know The Way,Opetaia Foa'i & Lin-Manuel Miranda,2,93
882,Make Me (Cry),Noah Cyrus Featuring Labrinth,15,46
883,Black Barbies,Nicki Minaj X Mike WiLL Made-It,2,65
884,False Prophets,J. Cole,2,54
885,Dirt On My Boots,Jon Pardi,20,37
886,Rockabye,Clean Bandit Featuring Sean Paul & Anne-Marie,27,9
887,I Don't Wanna Live Forever (Fifty Shades Darker),Zayn / Taylor Swift,23,2
888,Immortal,J. Cole,5,11
889,Neighbors,J. Cole,6,13
890,Change,J. Cole,2,21
891,She's Mine Pt.1,J. Cole,2,22
892,For Whom The Bell Tolls,J. Cole,2,23
893,Ville Mentality,J. Cole,2,24
894,4 Your Eyez Only,J. Cole,0,29
895,Foldin Clothes,J. Cole,2,30
896,She's Mine Pt. 2,J. Cole,0,34
897,Just Hold On,Steve Aoki & Louis Tomlinson,6,52
898,Everybody Dies,J. Cole,0,57
899,Darlin' Don't Go,Sundance Head,0,67
900,Congratulations,Post Malone Featuring Quavo,50,8
901,At Last,Sundance Head,0,89
902,Both,Gucci Mane Featuring Drake,22,41
903,Feliz Navidad,Jose Feliciano,5,29
904,A Holly Jolly Christmas,Burl Ives,10,10
905,It's The Most Wonderful Time Of The Year,Andy Williams,10,10
906,Last Christmas,Wham!,9,25
907,Party,Chris Brown Featuring Usher & Gucci Mane,20,40
908,OTW,"Khalid, Ty Dolla $ign & 6LACK",18,57
909,Red Opps,21 Savage,5,74
910,Swang,Rae Sremmurd,26,26
911,Careless Whisper,Wham! Featuring George Michael,22,33
912,Faith,George Michael,21,47
913,Moves,Big Sean,19,38
914,Seein' Red,Dustin Lynch,9,55
915,iSpy,KYLE Featuring Lil Yachty,30,4
916,Think A Little Less,Michael Ray,16,54
917,No Flockin,Kodak Black,0,95
918,Timeless,A Boogie Wit da Hoodie Featuring DJ SPINKING,4,86
919,Way Down We Go,Kaleo,8,54
920,Hate U Love U,Olivia O'Brien,0,99
921,Shaky Shaky,Daddy Yankee,2,88
922,Sober Saturday Night,Chris Young Featuring Vince Gill,11,47
923,Beibs In The Trap,Travis Scott,3,90
924,I Got You,Bebe Rexha,11,43
925,The Weekend,SZA,25,33
926,Water,Ugly God,4,80
927,Shape Of You,Ed Sheeran,59,1
928,Castle On The Hill,Ed Sheeran,33,6
929,Location,Khalid,43,16
930,Drinkin' Too Much,Sam Hunt,0,89
931,If The Boot Fits,Granger Smith,3,80
932,Paris,The Chainsmokers,20,6
933,Not Afraid Anymore,Halsey,0,77
934,Despacito,Luis Fonsi & Daddy Yankee Featuring Justin Bieber,52,1
935,Not Nice,PARTYNEXTDOOR,7,82
936,Black,Dierks Bentley,19,56
937,Down,Marian Hill,17,21
938,Fast,Luke Bryan,13,58
939,Guys My Age,Hey Violet,5,68
940,Road Less Traveled,Lauren Alaina,12,67
941,Issues,Meek Mill,29,11
942,Good Drank,2 Chainz x Gucci Mane x Quavo,16,70
943,Any Ol' Barstool,Jason Aldean,18,52
944,Dancing On My Own,Calum Scott,2,93
945,Running Back,Wale Featuring Lil Wayne,0,100
946,Body Like A Back Road,Sam Hunt,41,6
947,Slippery,Migos Featuring Gucci Mane,21,29
948,Kelly Price,Migos Featuring Travis Scott,2,58
949,Call Casting,Migos,0,62
950,Run Up,Major Lazer Featuring PARTYNEXTDOOR & Nicki Minaj,0,66
951,I'm Better,Missy Elliott Featuring Lamb,0,71
952,Get Right Witcha,Migos,0,72
953,Scared To Be Lonely,Martin Garrix & Dua Lipa,14,76
954,Culture,Migos Featuring DJ Khaled,0,93
955,El Amante,Nicky Jam,15,92
956,Some Kind Of Drug,G-Eazy Featuring Marc E. Bassy,3,97
957,No Favors,Big Sean Featuring Eminem,3,22
958,Believer,Imagine Dragons,52,4
959,Bad Romance,Lady Gaga,35,50
960,My Old Man,Zac Brown Band,4,68
961,Sacrifices,Drake Featuring 2 Chainz & Young Thug,3,36
962,Halfway Off The Balcony,Big Sean,0,74
963,Jump Out The Window,Big Sean,0,76
964,Owe Me,Big Sean,0,86
965,Beauty And The Beast,Ariana Grande & John Legend,0,87
966,I Don't,Mariah Carey Featuring YG,0,89
967,Now & Later,Sage The Gemini,0,93
968,In Case You Didn't Know,Brett Young,28,19
969,Look At Me!,XXXTENTACION,20,34
970,Light,Big Sean Featuring Jeremih,0,97
971,Chained To The Rhythm,Katy Perry Featuring Skip Marley,15,4
972,Cold,Maroon 5 Featuring Future,20,16
973,Bom Bidi Bom,Nick Jonas & Nicki Minaj,0,54
974,Shining,DJ Khaled Featuring Beyonce & JAY Z,14,57
975,Helium,Sia,0,71
976,Heroe Favorito,Romeo Santos,0,77
977,Everything 1K,Kodak Black,0,84
978,Rolex,Ayo & Teo,25,20
979,Cash Me Outside (#CashMeOutside),DJ Suede The Remix God,3,72
980,It Ain't Me,Kygo x Selena Gomez,29,10
981,Yeah Boy,Kelsea Ballerini,13,65
982,Hurricane,Luke Combs,22,31
983,Tunnel Vision,Kodak Black,20,6
984,How Would You Feel (Paean),Ed Sheeran,2,41
985,Love,Lana Del Rey,2,44
986,Draco,Future,8,46
987,Mask Off,Future,31,5
988,Heavy,Linkin Park Featuring Kiiara,19,45
989,Rent Money,Future,0,54
990,Something Just Like This,The Chainsmokers & Coldplay,39,3
991,Super Trapper,Future,0,91
992,Zoom,Future,0,99
993,Stay,Zedd & Alessia Cara,31,7
994,Slide,Calvin Harris Featuring Frank Ocean & Migos,20,25
995,Comin Out Strong,Future Featuring The Weeknd,3,48
996,Make Love,Gucci Mane & Nicki Minaj,0,78
997,Losin Control,Russ,19,62
998,"God, Your Mama, And Me",Florida Georgia Line Featuring Backstreet Boys,19,46
999,Hometown Girl,Josh Turner,16,56
1000,Green Light,Lorde,9,19
1001,Dive,Ed Sheeran,2,49
1002,Galway Girl,Ed Sheeran,5,53
1003,Happier,Marshmello & Bastille,23,3
1004,New Man,Ed Sheeran,0,72
1005,Supermarket Flowers,Ed Sheeran,0,75
1006,What Do I Know?,Ed Sheeran,0,83
1007,Eraser,Ed Sheeran,0,90
1008,Hearts Don't Break Around Here,Ed Sheeran,0,93
1009,Barcelona,Ed Sheeran,0,96
1010,No Frauds,"Nicki Minaj, Drake & Lil Wayne",7,14
1011,Regret In Your Tears,Nicki Minaj,0,61
1012,Changed It,Nicki Minaj & Lil Wayne,0,71
1013,Chanel,Frank Ocean,0,72
1014,Liability,Lorde,0,78
1015,Prblms,6LACK,8,72
1016,Passionfruit,Drake,20,8
1017,Portland,Drake Featuring Quavo & Travis Scott,16,9
1018,Free Smoke,Drake,4,18
1019,Gyalchester,Drake,11,29
1020,Teenage Fever,Drake,4,35
1021,Blem,Drake,4,38
1022,No Long Talk,Drake Featuring Giggs,2,40
1023,Get It Together,Drake Featuring Jorja Smith & Black Coffee,2,45
1024,KMT,Drake Featuring Giggs,2,48
1025,Jorja Interlude,Drake,2,49
1026,4422,Drake Featuring Sampha,2,50
1027,Madiba Riddim,Drake,2,51
1028,Glow,Drake Featuring Kanye West,2,54
1029,Do Not Disturb,Drake,2,60
1030,Nothings Into Somethings,Drake,2,61
1031,Ice Melts,Drake Featuring Young Thug,2,62
1032,Lose You,Drake,0,64
1033,Since Way Back,Drake Featuring PARTYNEXTDOOR,0,70
1034,Skepta Interlude,Drake,0,76
1035,Can't Have Everything,Drake,2,82
1036,At My Best,Machine Gun Kelly Featuring Hailee Steinfeld,8,60
1037,Trap Trap Trap,Rick Ross Featuring Young Thug & Wale,0,97
1038,Swalla,Jason Derulo Featuring Nicki Minaj & Ty Dolla $ign,20,29
1039,The Heart Part 4,Kendrick Lamar,2,22
1040,XO TOUR Llif3,Lil Uzi Vert,34,7
1041,Speak To A Girl,Tim McGraw & Faith Hill,2,61
1042,Still Got Time,Zayn Featuring PARTYNEXTDOOR,3,66
1043,Humble.,Kendrick Lamar,37,1
1044,Craving You,Thomas Rhett Featuring Maren Morris,20,39
1045,Everybody,Logic,2,59
1046,You Look Good,Lady Antebellum,20,59
1047,Tin Man,Miranda Lambert,0,75
1048,Subeme La Radio,"Enrique Iglesias Featuring Descemer Bueno, Zion & Lennox Or Sean Paul",9,81
1049,First Day Out,Tee Grizzley,20,48
1050,The One,The Chainsmokers,2,78
1051,Conscience,Kodak Black Featuring Future,0,93
1052,Drowning,A Boogie Wit da Hoodie Featuring Kodak Black,21,38
1053,Heatstroke,"Calvin Harris Featuring Young Thug, Pharrell Williams & Ariana Grande",0,96
1054,How Not To,Dan + Shay,14,57
1055,Human,Rag'n'Bone Man,7,74
1056,Sign Of The Times,Harry Styles,13,4
1057,Now Or Never,Halsey,20,17
1058,Unforgettable,Thomas Rhett,42,3
1059,Everyday We Lit,YFN Lucci Featuring PnB Rock,20,33
1060,Cake,Flo Rida & 99 Percent,6,73
1061,Bar At The End Of The World,Kenny Chesney,0,92
1062,Weak,AJR,11,73
1063,If I Told You,Darius Rucker,11,53
1064,Flatliner,Cole Swindell,18,56
1065,DNA.,Kendrick Lamar,20,4
1066,Loyalty.,Kendrick Lamar Featuring Rihanna,26,14
1067,Element.,Kendrick Lamar,11,16
1068,Love.,Kendrick Lamar Featuring Zacari,40,11
1069,Yah.,Kendrick Lamar,3,32
1070,XXX.,Kendrick Lamar Featuring U2,3,33
1071,Feel.,Kendrick Lamar,2,35
1072,Pride.,Kendrick Lamar,2,37
1073,The Cure,Lady Gaga,14,39
1074,Lust.,Kendrick Lamar,2,42
1075,Fear.,Kendrick Lamar,2,50
1076,Blood.,Kendrick Lamar,0,54
1077,God.,Kendrick Lamar,2,58
1078,Duckworth.,Kendrick Lamar,0,63
1079,Good Life,G-Eazy & Kehlani,5,59
1080,Peek A Boo,Lil Yachty Featuring Migos,4,78
1081,Black SpiderMan,Logic Featuring Damian Lemar Hudson,0,87
1082,Broken Halos,Chris Stapleton,20,45
1083,The Night We Met,Lord Huron,4,84
1084,There's Nothing Holdin' Me Back,Shawn Mendes,34,6
1085,Lust For Life,Lana Del Rey Featuring The Weeknd,0,64
1086,Do Re Mi,blackbear,25,40
1087,Hard Times,Paramore,0,90
1088,My Girl,Dylan Scott,20,39
1089,I'm The One,"DJ Khaled Featuring Justin Bieber, Quavo, Chance The Rapper & Lil Wayne",22,1
1090,1-800-273-8255,Logic Featuring Alessia Cara & Khalid,42,3
1091,First Time,Kygo & Ellie Goulding,0,67
1092,Thunder,Imagine Dragons,52,4
1093,Bon Appetit,Katy Perry Featuring Migos,6,59
1094,Privacy,Chris Brown,17,62
1095,Slow Hands,Niall Horan,31,11
1096,Magnolia,Playboi Carti,20,29
1097,Sweet Creature,Harry Styles,0,93
1098,Wokeuplikethis*,Playboi Carti Featuring Lil Uzi Vert,10,76
1099,Malibu,Miley Cyrus,15,10
1100,Every Time I Hear That Song,Blake Shelton,11,56
1101,Either Way,Chris Stapleton,2,89
1102,Drinkin' Problem,Midland,20,45
1103,Rollin,Calvin Harris Featuring Future & Khalid,4,62
1104,Bad Liar,Selena Gomez,14,20
1105,Whatever It Takes,Imagine Dragons,27,12
1106,Felices Los 4,Maluma,20,48
1107,No Promises,Cheat Codes Featuring Demi Lovato,23,38
1108,Ghost In This House,Lauren Duski,0,98
1109,Me Enamore,Shakira,2,83
1110,Strip That Down,Liam Payne Featuring Quavo,28,10
1111,Swish Swish,Katy Perry Featuring Nicki Minaj,10,46
1112,Crying In The Club,Camila Cabello,9,47
1113,Money On You,Chris Blue,0,66
1114,Yours If You Want It,Rascal Flatts,10,71
1115,Most Girls,Hailee Steinfeld,16,58
1116,The Dance,Lauren Duski,0,92
1117,Boy,Lee Brice,0,94
1118,Somethin Tells Me,Bryson Tiller,0,74
1119,Self-Made,Bryson Tiller,0,85
1120,Met Gala,Gucci Mane Featuring Offset,2,88
1121,Don't Get Too High,Bryson Tiller,0,89
1122,No Such Thing As A Broken Heart,Old Dominion,19,46
1123,Run Me Dry,Bryson Tiller,0,91
1124,There For You,Martin Garrix x Troye Sivan,0,94
1125,No Longer Friends,Bryson Tiller,0,98
1126,Butterfly Effect,Travis Scott,23,50
1127,Strangers,Halsey Featuring Lauren Jauregui,0,100
1128,To The Max,DJ Khaled Featuring Drake,4,53
1129,4 AM,2 Chainz Featuring Travis Scott,12,55
1130,Whatever You Need,Meek Mill Featuring Chris Brown & Ty Dolla $ign,13,51
1131,Small Town Boy,Dustin Lynch,20,36
1132,Know No Better,"Major Lazer Featuring Travis Scott, Camila Cabello & Quavo",3,87
1133,It's Everyday Bro,Jake Paul Featuring Team 10,2,91
1134,Somebody Else Will,Justin Moore,13,59
1135,Nobody Else But You,Trey Songz,3,92
1136,2U,David Guetta Featuring Justin Bieber,11,16
1137,Love Galore,SZA Featuring Travis Scott,20,32
1138,Do I Make You Wanna,Billy Currington,19,47
1139,Escapate Conmigo,Wisin Featuring Ozuna,20,63
1140,What Ifs,Kane Brown Featuring Lauren Alaina,23,26
1141,It's A Vibe,"2 Chainz Featuring Ty Dolla $ign, Trey Songz & Jhene Aiko",20,44
1142,It Ain't My Fault,Brothers Osborne,16,79
1143,Wild Thoughts,DJ Khaled Featuring Rihanna & Bryson Tiller,21,2
1144,Feels,"Calvin Harris Featuring Pharrell Williams, Katy Perry & Big Sean",18,20
1145,Relationship,Young Thug Featuring Future,14,65
1146,Feel It Still,Portugal. The Man,45,4
1147,Real Hitta,Plies Featuring Kodak Black,0,100
1148,Signs,Drake,6,36
1149,Don't Quit,DJ Khaled & Calvin Harris Featuring Travis Scott & Jeremih,0,68
1150,No Complaints,Metro Boomin Featuring Offset & Drake,5,71
1151,On Everything,"DJ Khaled Featuring Travis Scott, Rick Ross & Big Sean",0,88
1152,Crew,GoldLink Featuring Brent Faiyaz & Shy Glizzy,21,45
1153,Mi Gente,J Balvin & Willy William Featuring Beyonce,30,3
1154,Rake It Up,Yo Gotti Featuring Nicki Minaj,22,8
1155,Bodak Yellow (Money Moves),Cardi B,35,1
1156,Who Dat Boy,"Tyler, The Creator",0,87
1157,Heartache On The Dance Floor,Jon Pardi,18,47
1158,Extra Luv,Future Featuring YG,0,99
1159,The Story Of O.J.,JAY-Z,3,23
1160,Praying,Kesha,21,22
1161,Bank Account,21 Savage,29,12
1162,4:44,JAY-Z,2,35
1163,Bam,"JAY-Z Featuring Damian ""Jr. Gong"" Marely",0,47
1164,Family Feud,JAY-Z Featuring Beyonce,0,51
1165,Kill Jay Z,JAY-Z,0,55
1166,Smile,JAY-Z Featuring Gloria Carter,0,56
1167,Caught Their Eyes,JAY-Z Featuring Frank Ocean,0,63
1168,Moonlight,XXXTENTACION,20,13
1169,Glorious,Macklemore Featuring Skylar Grey,19,49
1170,Marcy Me,JAY-Z,0,90
1171,Fetish,Selena Gomez Featuring Gucci Mane,12,27
1172,A Lie,French Montana Featuring The Weeknd & Max B,0,75
1173,Jerika,Jake Paul & Erika Costell Featuring Uncle Kade,0,86
1174,Young Dumb & Broke,Khalid,36,18
1175,Woman,Kesha Featuring The Dap-Kings Horns,0,96
1176,Numb,XXXTENTACION,33,34
1177,In The End,Linkin Park,39,37
1178,Back To You,Selena Gomez,26,18
1179,What's My Name,"China Anne McClain, Thomas Doherty & Dylan Playfair",3,61
1180,Wins & Losses,Meek Mill,0,79
1181,It's Goin' Down,Descendants 2 Cast,4,77
1182,1942 Flows,Meek Mill,0,83
1183,Imitadora,Romeo Santos,0,91
1184,We Ball,Meek Mill Featuring Young Thug,0,96
1185,F**k That Check Up,Meek Mill Featuring Lil Uzi Vert,0,97
1186,Heavy Heart,Meek Mill,0,99
1187,You Da Baddest,Future Featuring Nicki Minaj,2,38
1188,When It Rains It Pours,Luke Combs,20,33
1189,They Don't Know,Jason Aldean,12,67
1190,Honest,The Chainsmokers,4,77
1191,New Rules,Dua Lipa,48,6
1192,Wish I Knew You,The Revivalists,9,84
1193,Every Little Thing,Carly Pearce,17,50
1194,Learn To Let Go,Kesha,0,97
1195,All The Pretty Girls,Kenny Chesney,14,63
1196,For Her,Chris Lane,4,92
1197,The Race,Tay-K,20,44
1198,Patty Cake,Kodak Black,3,76
1199,OMG,Camila Cabello Featuring Quavo,0,81
1200,What About Us,P!nk,22,13
1201,Perplexing Pegasus,Rae Sremmurd,3,84
1202,B.E.D.,Jacquees,13,69
1203,Chillin' Like A Villain,"Sofia Carson, Cameron Boyce, Booboo Stewart & Mitchell Hope",0,95
1204,Havana,Camila Cabello Featuring Young Thug,46,1
1205,Silence,Marshmello Featuring Khalid,23,30
1206,More Girls Like You,Kip Moore,12,66
1207,Untouchable,YoungBoy Never Broke Again,2,86
1208,I Could Use A Love Song,Maren Morris,21,56
1209,Fix A Drink,Chris Janson,14,67
1210,Friends,The Carters,29,11
1211,I Get The Bag,Gucci Mane Featuring Migos,27,11
1212,Roll In Peace,Kodak Black Featuring XXXTENTACION,26,31
1213,Look What You Made Me Do,Taylor Swift,20,1
1214,Younger Now,Miley Cyrus,0,79
1215,Its Every Night Sis,RiceGum Featuring Alissa Violet,0,80
1216,Transportin',Kodak Black,16,46
1217,Questions,Chris Brown,13,78
1218,Jocelyn Flores,XXXTENTACION,20,19
1219,The Way Life Goes,Lil Uzi Vert Featuring Nicki Minaj,23,24
1220,F**k Love,XXXTENTACION Featuring Trippie Redd,21,28
1221,Sauce It Up,Lil Uzi Vert,15,49
1222,Everybody Dies In Their Nightmares,XXXTENTACION,7,42
1223,444+222,Lil Uzi Vert,3,60
1224,What Lovers Do,Maroon 5 Featuring SZA,22,9
1225,Revenge,XXXTENTACION,2,77
1226,Neon Guts,Lil Uzi Vert Featuring Pharrell Williams,2,79
1227,Two,Lil Uzi Vert,0,80
1228,For Real,Lil Uzi Vert,0,82
1229,UnFazed,Lil Uzi Vert Featuring The Weeknd,0,84
1230,No Sleep Leak,Lil Uzi Vert,0,90
1231,Depression & Obsession,XXXTENTACION,0,91
1232,Dark Queen,Lil Uzi Vert,2,91
1233,Save Me,XXXTENTACION,0,94
1234,Carry On,XXXTENTACION,0,95
1235,Tell Me You Love Me,Demi Lovato,20,53
1236,...Ready For It?,Taylor Swift,20,4
1237,These Heaux,Bhad Bhabie,3,77
1238,Bad At Love,Halsey,33,5
1239,Greatest Love Story,LANCO,21,45
1240,Sky Walker,Miguel Featuring Travis Scott,26,29
1241,No Fear,DeJ Loaf,0,100
1242,Too Good At Goodbyes,Sam Smith,24,4
1243,Dusk Till Dawn,Zayn Featuring Sia,17,44
1244,Love So Soft,Kelly Clarkson,13,47
1245,I'll Name The Dogs,Blake Shelton,20,56
1246,Found You,Kane Brown,0,80
1247,Gucci Gang,Lil Pump,24,3
1248,Pills And Automobiles,"Chris Brown Featuring Yo Gotti, A Boogie Wit da Hoodie & Kodak Black",20,46
1249,Let Me Go,Hailee Steinfeld & Alesso Featuring Florida Georgia Line & Watt,22,40
1250,Rockstar,Post Malone Featuring 21 Savage,41,1
1251,Too Much To Ask,Niall Horan,12,66
1252,Curve,Gucci Mane Featuring The Weeknd,3,67
1253,DNA,BTS,4,67
1254,Homemade Dynamite,"Lorde Featuring Khalid, Post Malone & SZA",0,92
1255,I Fall Apart,Post Malone,30,16
1256,Good Old Days,Macklemore Featuring Kesha,20,48
1257,Losing Sleep,Chris Young,20,60
1258,Like I Loved You,Brett Young,20,46
1259,Round Here Buzz,Eric Church,19,56
1260,Plain Jane,A$AP Ferg Featuring Nicki Minaj,25,27
1261,Hi Bich,Bhad Bhabie,0,68
1262,Say A',A Boogie Wit da Hoodie,2,75
1263,Undefeated,A Boogie Wit da Hoodie Featuring 21 Savage,0,84
1264,Beast Mode,A Boogie Wit da Hoodie Featuring PnB Rock & YoungBoy Never Broke Again,0,86
1265,Smooth,Florida Georgia Line,7,89
1266,Almost Like Praying,Lin-Manuel Miranda Featuring Artists For Puerto Rico,0,20
1267,Pray,Sam Smith Featuring Logic,2,55
1268,How Long,Charlie Puth,24,21
1269,Heaven,Kane Brown,27,15
1270,Dear Hate,Maren Morris Featuring Vince Gill,0,91
1271,Lights Down Low,MAX Featuring gnash,28,20
1272,Too Hotty,"Quavo, Takeoff & Offset",4,91
1273,High End,Chris Brown Featuring Future & Young Thug,2,82
1274,Yours,Russell Dickerson,20,49
1275,Let You Down,NF,28,12
1276,Stunting Ain't Nuthin,Gucci Mane Featuring Slim Jxmmi & Young Dolph,0,95
1277,You Broke Up With Me,Walker Hayes,19,62
1278,Mayores,Becky G Featuring Bad Bunny,18,74
1279,Ask Me How I Know,Garth Brooks,7,71
1280,Gorgeous,Taylor Swift,4,13
1281,Patek Water,Future & Young Thug Featuring Offset,4,50
1282,Meant To Be,Bebe Rexha & Florida Georgia Line,52,2
1283,No Cap,Future & Young Thug,0,62
1284,Feed Me Dope,Future,0,68
1285,All Da Smoke,Future & Young Thug,0,77
1286,Candy Paint,Post Malone,21,34
1287,Wolves,Selena Gomez X Marshmello,23,20
1288,4 Da Gang,Future,0,92
1289,Bedroom Floor,Liam Payne,0,98
1290,Three,Future & Young Thug,0,100
1291,MotorSport,"Migos, Nicki Minaj & Cardi B",22,6
1292,Ghostface Killers,"21 Savage, Offset & Metro Boomin Featuring Travis Scott",7,35
1293,Ric Flair Drip,Offset & Metro Boomin,31,13
1294,Rap Saved Me,"21 Savage, Offset & Metro Boomin Featuring Quavo",3,64
1295,My Choppa Hate N****s,21 Savage & Metro Boomin,2,73
1296,All On Me,Devin Dawson,20,52
1297,Call It What You Want,Taylor Swift,2,27
1298,Lemon,N*E*R*D & Rihanna,22,36
1299,Rubbin Off The Paint,YBN Nahmir,17,46
1300,Wait,Maroon 5,24,24
1301,Pull Up N Wreck,Big Sean & Metro Boomin Featuring 21 Savage,2,80
1302,Mad Stalkers,"21 Savage, Offset & Metro Boomin",0,99
1303,Nightmare,Offset & Metro Boomin,0,100
1304,Walk On Water,Eminem Featuring Beyonce,5,14
1305,Gummo,6ix9ine,20,12
1306,Wanted You,NAV Featuring Lil Uzi Vert,7,64
1307,Female,Keith Urban,6,69
1308,Betrayed,Lil Xan,20,64
1309,The Plan,G-Eazy,0,96
1310,Pick It Up,Famous Dex Featuring A$AP Rocky,20,54
1311,Echame La Culpa,Luis Fonsi & Demi Lovato,20,47
1312,Awful Things,Lil Peep,0,79
1313,End Game,Taylor Swift Featuring Ed Sheeran & Future,14,18
1314,When We,Tank,20,78
1315,Beautiful Trauma,P!nk,15,78
1316,No Smoke,YoungBoy Never Broke Again,18,61
1317,The Rest Of Our Life,Tim McGraw & Faith Hill,0,98
1318,Written In The Sand,Old Dominion,20,51
1319,Faking It,Calvin Harris Featuring Kehlani & Lil Yachty,4,94
1320,MIC Drop,BTS Featuring Desiigner,10,28
1321,Codeine Dreaming,Kodak Black Featuring Lil Wayne,14,52
1322,Krippy Kush,"Farruko, Nicki Minaj, Bad Bunny, 21 Savage & Rvssian",6,75
1323,Legends,Kelsea Ballerini,12,65
1324,Total Eclipse Of The Heart,Chloe Kohanski,0,99
1325,Perro Fiel,Shakira Featuring Nicky Jam,0,100
1326,Him & I,G-Eazy & Halsey,20,14
1327,Kooda,6ix9ine,9,50
1328,Juice,Yo Gotti,6,90
1329,Bella y Sensual,Romeo Santos Featuring Nicky Jam & Daddy Yankee,0,95
1330,Marry Me,Thomas Rhett,20,30
1331,Five More Minutes,Scotty McCreery,20,44
1332,Criminal,Natti Natasha x Ozuna,3,95
1333,Never Be The Same,Camila Cabello,37,6
1334,Go Legend,Big Sean & Metro Boomin Featuring Travis Scott,0,67
1335,Dark Knight Dummo,Trippie Redd Featuring Travis Scott,7,72
1336,My Dawg,Lil Baby,7,77
1337,Danger,Migos & Marshmello,0,82
1338,Bartier Cardi,Cardi B Featuring 21 Savage,20,14
1339,River,Eminem Featuring Ed Sheeran,13,32
1340,La Modelo,Ozuna x Cardi B,14,52
1341,Eye 2 Eye,Huncho Jack Featuring Takeoff,0,65
1342,Modern Slavery,Huncho Jack,0,68
1343,Thunder/Young Dumb & Broke (Medley),Imagine Dragons + Khalid,0,69
1344,Black & Chinese,Huncho Jack,0,71
1345,Ice Tray,Quavo & Lil Yachty,6,74
1346,Dubai Shit,Huncho Jack Featuring Offset,0,83
1347,Huncho Jack,Huncho Jack,0,87
1348,Motorcycle Patches,Huncho Jack,0,90
1349,Saint,Huncho Jack,0,92
1350,Stir Fry,Migos,21,8
1351,Finesse,Drake,23,3
1352,One Foot,WALK THE MOON,8,65
1353,This Is Me,Keala Settle & The Greatest Showman Ensemble,14,58
1354,Rewrite The Stars,Zac Efron & Zendaya,7,70
1355,Corazon,Maluma X Nego do Borel,9,87
1356,The Greatest Show,"Hugh Jackman, Keala Settle, Zac Efron, Zendaya & The Greatest Showman Ensemble",4,88
1357,Filthy,Justin Timberlake,6,9
1358,All The Stars,Kendrick Lamar & SZA,21,7
1359,For You (Fifty Shades Freed),Liam Payne & Rita Ora,3,76
1360,Nowadays,Lil Skies Featuring Landon Cube,13,55
1361,I Miss You,Clean Bandit Featuring Julia Michaels,0,92
1362,Red Roses,Lil Skies Featuring Landon Cube,20,69
1363,The Champion,Carrie Underwood Featuring Ludacris,3,47
1364,KEKE,"6ix9ine, Fetty Wap & A Boogie Wit da Hoodie",8,43
1365,Outside Today,YoungBoy Never Broke Again,19,31
1366,My My My!,Troye Sivan,0,80
1367,Tequila,Dan + Shay,38,21
1368,King's Dead,"Jay Rock, Kendrick Lamar, Future & James Blake",20,21
1369,IDGAF,Dua Lipa,23,49
1370,El Bano,Enrique Iglesias Featuring Bad Bunny,0,98
1371,God's Plan,Drake,36,1
1372,Diplomatic Immunity,Drake,3,7
1373,Mine,Bazzi,34,11
1374,Sick Boy,The Chainsmokers,3,65
1375,Supplies,Justin Timberlake,2,71
1376,No Name,NF,0,82
1377,Rock,Plies,5,95
1378,Say Something,Justin Timberlake Featuring Chris Stapleton,16,9
1379,Walk It Talk It,Migos Featuring Drake,22,10
1380,The Middle,"Zedd, Maren Morris & Grey",40,5
1381,You Make It Easy,Jason Aldean,20,28
1382,Narcos,Migos,15,36
1383,BBO (Bad Bitches Only),Migos Featuring 21 Savage,2,48
1384,Notice Me,Migos Featuring Post Malone,5,52
1385,Supastars,Migos,0,53
1386,White Sand,"Migos Featuring Travis Scott, Ty Dolla $ign & Big Sean",0,64
1387,Gang Gang,Migos,0,73
1388,New Freezer,Rich The Kid Featuring Kendrick Lamar,19,41
1389,Higher We Go (Intro),Migos,0,83
1390,Auto Pilot,Migos,0,85
1391,Emoji A Chain,Migos,0,87
1392,El Farsante,Ozuna & Romeo Santos,20,49
1393,Most People Are Good,Luke Bryan,18,43
1394,CC,Migos Featuring Gucci Mane,0,96
1395,Pray For Me,The Weeknd & Kendrick Lamar,20,7
1396,Man Of The Woods,Justin Timberlake,0,73
1397,Dura,Daddy Yankee,21,43
1398,Hardaway,Derez De'Shon,11,61
1399,At The Club,Jacquees X Dej Loaf,7,86
1400,The Long Way,Brett Eldredge,12,65
1401,Singles You Up,Jordan Davis,19,50
1402,A Girl Like You,Easton Corbin,0,98
1403,Plug Walk,Rich The Kid,20,13
1404,The Ways,Khalid & Swae Lee,3,63
1405,Paramedic!,SOB X RBE,4,65
1406,Big Shot,Kendrick Lamar & Travis Scott,2,71
1407,Black Panther,Kendrick Lamar,0,91
1408,I Like Me Better,Lauv,41,27
1409,Love Lies,Khalid & Normani,49,9
1410,Get You,Daniel Caesar Featuring Kali Uchis,6,93
1411,Psycho,Post Malone Featuring Ty Dolla $ign,39,1
1412,44 More,Logic,5,22
1413,Billy,6ix9ine,8,50
1414,Want You Back,5 Seconds Of Summer,0,61
1415,RONDO,6ix9ine Featuring Tory Lanez & Young Thug,0,73
1416,Booty,Blac Youngsta,5,73
1417,She's With Me,High Valley,8,79
1418,Break Up In The End,Cole Swindell,17,49
1419,Make Me Feel,Janelle Monae,0,99
1420,Sad!,XXXTENTACION,38,1
1421,Top Off,"DJ Khaled Featuring JAY Z, Future & B",7,22
1422,No Excuses,Meghan Trainor,12,46
1423,Changes,XXXTENTACION,20,18
1424,Powerglide,Rae Sremmurd & Juicy J,17,28
1425,Stranger Things,Joyner Lucas & Chris Brown,0,91
1426,Tempo,Chris Brown,4,88
1427,Sativa,Jhene Aiko Featuring Swae Lee Or Rae Sremmurd,16,74
1428,I Lived It,Blake Shelton,18,63
1429,Broken Clocks,SZA,4,82
1430,Zombie,Bad Wolves,18,54
1431,Indica Badu,Logic Featuring Wiz Khalifa,0,56
1432,Contra,Logic,0,60
1433,NBAYoungboat,Lil Yachty Featuring NBA YoungBoy,4,63
1434,Overnight,Logic,0,68
1435,66,Lil Yachty Featuring Trippie Redd,0,73
1436,Midnight,Logic,0,74
1437,Wassup,Logic Featuring Big Sean,0,83
1438,Delicate,Taylor Swift,35,12
1439,Yuck,Logic,0,87
1440,Boom!,Lil Yachty Featuring Ugly God,0,88
1441,BoomTrap Protocol,Logic,0,97
1442,Warm It Up,Logic Featuring Young Sinatra,0,98
1443,Freaky Friday,Lil Dicky Featuring Chris Brown,20,8
1444,Found / Tonight,Lin-Manuel Miranda & Ben Platt,0,49
1445,The Remedy For A Broken Heart (Why Am I So In Love),XXXTENTACION,5,55
1446,In My Blood,Shawn Mendes,23,11
1447,Infinity (888),XXXTENTACION Featuring Joey Bada$$,0,83
1448,One Number Away,Luke Combs,20,34
1449,Sit Next To Me,Foster The People,20,42
1450,Going Down!,XXXTENTACION,0,95
1451,Everybody Hates Me,The Chainsmokers,0,100
1452,Say Amen (Saturday Night),Panic! At The Disco,3,60
1453,Lost In Japan,Shawn Mendes X Zedd,16,48
1454,Japan,Famous Dex,15,28
1455,Up Down,Morgan Wallen Featuring Florida Georgia Line,20,49
1456,For The First Time,Darius Rucker,10,58
1457,No Roots,Alice Merton,3,84
1458,Call Out My Name,The Weeknd,18,4
1459,Be Careful,Cardi B,20,11
1460,Wasted Times,The Weeknd,3,27
1461,I Was Never There,The Weeknd Featuring Gesaffelstein,0,35
1462,Hurt You,The Weeknd Featuring Gesaffelstein,0,43
1463,Medicine,Queen Naija,20,45
1464,Privilege,The Weeknd,0,52
1465,Boo'd Up,Ella Mai,35,5
1466,OKRA,"Tyler, The Creator",0,89
1467,Take Back Home Girl,Chris Lane Featuring Tori Kelly,12,55
1468,"Woman, Amen",Dierks Bentley,12,53
1469,Proud,2 Chainz Featuring YG & Offset,2,96
1470,Nice For What,Drake,25,1
1471,I Like It,"Cardi B, Bad Bunny & J Balvin",42,1
1472,Drip,Cardi B Featuring Migos,10,21
1473,I Do,Cardi B Featuring SZA,5,23
1474,Ring,Cardi B Featuring Kehlani,20,28
1475,Get Up 10,Cardi B,2,38
1476,Best Life,Cardi B Featuring Chance The Rapper,3,39
1477,Bickenhead,Cardi B,2,43
1478,Thru Your Phone,Cardi B,3,50
1479,She Bad,Cardi B & YG,2,57
1480,Money Bag,Cardi B,2,58
1481,Diamond Teeth Samurai,YoungBoy Never Broke Again,5,59
1482,One Kiss,Calvin Harris & Dua Lipa,21,26
1483,A$AP Forever,A$AP Rocky Featuring Moby,2,63
1484,Barbie Tingz,Nicki Minaj,4,25
1485,Get Along,Kenny Chesney,21,22
1486,Chun-Li,Nicki Minaj,16,10
1487,Esskeetit,Lil Pump,12,24
1488,Cry Pretty,Carrie Underwood,12,48
1489,Let Me,Zayn,0,73
1490,Guatemala,Swae Lee Featuring Slim Jxmmi,0,84
1491,Anybody,Young Thug Featuring Nicki Minaj,0,89
1492,Gotti,6ix9ine,0,99
1493,No Tears Left To Cry,Ariana Grande,27,3
1494,ATM,J. Cole,5,6
1495,Kevin's Heart,J. Cole,5,8
1496,KOD,J. Cole,12,10
1497,Motiv8,J. Cole,2,15
1498,1985 (Intro To The Fall Off),J. Cole,2,20
1499,The Cut Off,J. Cole Featuring kiLL edward,0,28
1500,Brackets,J. Cole,0,30
1501,Wake Me Up!,Avicii,54,34
1502,Window Pain (Outro),J. Cole,0,41
1503,Once An Addict (Interlude),J. Cole,0,47
1504,Intro,Meek Mill,0,53
1505,Babe,Sugarland Featuring Taylor Swift,2,72
1506,Te Bote,"Casper Magico, Nio Garcia, Darell, Nicky Jam, Ozuna & Bad Bunny",21,36
1507,Dame Tu Cosita,Pitbull x El Chombo x Karol G Featuring Cutty Ranks,9,36
1508,Everything's Gonna Be Alright,David Lee Murphy & Kenny Chesney,13,66
1509,Better Now,Post Malone,39,3
1510,Paranoid,Post Malone,6,11
1511,Rich & Sad,Post Malone,6,14
1512,Spoil My Night,Post Malone Featuring Swae Lee,5,15
1513,Ball For Me,Post Malone Featuring Nicki Minaj,14,16
1514,Same Bitches,Post Malone Featuring G-Eazy & YG,3,20
1515,Zack And Codeine,Post Malone,3,23
1516,Over Now,Post Malone,3,24
1517,Takin' Shots,Post Malone,3,29
1518,92 Explorer,Post Malone,3,40
1519,Otherside,Post Malone,2,46
1520,Blame It On Me,Post Malone,2,47
1521,Sugar Wraith,Post Malone,0,57
1522,Jonestown (Interlude),Post Malone,0,73
1523,Overdose,YoungBoy Never Broke Again,9,42
1524,Ye vs The People,Kanye West Featuring T.I.,0,85
1525,This Is America,Childish Gambino,17,1
1526,Watch,Travis Scott Featuring Lil Uzi Vert & Kanye West,5,16
1527,Beautiful Crazy,Luke Combs,11,41
1528,Done For Me,Charlie Puth Featuring Kehlani,9,53
1529,Gucci Flip Flops,Bhad Bhabie Featuring Lil Yachty,3,79
1530,Shoota,Playboi Carti Featuring Lil Uzi Vert,4,46
1531,Yes Indeed,Lil Baby & Drake,29,6
1532,Lucid Dreams,Juice WRLD,37,2
1533,Me Niego,Reik Featuring Ozuna & Wisin,3,77
1534,Lust,Lil Skies,4,87
1535,All Girls Are The Same,Juice WRLD,20,41
1536,Change Lanes,Kevin Gates,0,68
1537,Like That,Kris Wu,0,73
1538,Southside,Lil Baby,0,79
1539,Life Goes On,Lil Baby Featuring Gunna & Lil Uzi Vert,6,74
1540,Let It Sing,Kevin Gates,0,82
1541,Sangria Wine,Pharrell Williams x Camila Cabello,0,83
1542,Welcome To The Party,"Diplo, French Montana & Lil Pump Featuring Zhavia Ward",4,78
1543,Champion,NAV Featuring Travis Scott,0,86
1544,Downtown's Dead,Sam Hunt,2,94
1545,Don't Go Breaking My Heart,Backstreet Boys,10,63
1546,I'm Upset,Drake,16,7
1547,Praise The Lord (Da Shine),A$AP Rocky Featuring Skepta,8,45
1548,TATI,6ix9ine Featuring DJ SPINKING,5,46
1549,Infrared,Pusha T,0,65
1550,Big Bank,"YG Featuring 2 Chainz, Big Sean & Nicki Minaj",24,16
1551,If You Know You Know,Pusha T,0,73
1552,What Would Meek Do?,Pusha T Featuring Kanye West,0,75
1553,Dinero,Jennifer Lopez Featuring DJ Khaled & Cardi B,0,80
1554,Taste,Tyga Featuring Offset,29,8
1555,Lovely,Billie Eilish & Khalid,13,64
1556,I Was Jack (You Were Diane),Jake Owen,11,43
1557,Girls Like You,Maroon 5 Featuring Cardi B,35,1
1558,High Hopes,Panic! At The Disco,25,4
1559,The Games We Play,Pusha T,0,100
1560,Yikes,Kanye West,5,8
1561,All Mine,Kanye West,9,11
1562,Wouldn't Leave,Kanye West Featuring PARTYNEXTDOOR,2,24
1563,Violent Crimes,Kanye West,2,27
1564,I Thought About Killing You,Kanye West,0,28
1565,No Mistakes,Kanye West,0,36
1566,Simple,Florida Georgia Line,20,32
1567,Must've Never Met You,Luke Combs,0,81
1568,Humility,Gorillaz Featuring George Benson,0,85
1569,Africa,Weezer,15,51
1570,Youngblood,5 Seconds Of Summer,34,7
1571,Sin Pijama,Becky G + Natti Natasha,12,70
1572,Reborn,KIDS SEE GHOSTS,2,39
1573,4th Dimension,KIDS SEE GHOSTS Featuring Louis Prima,0,42
1574,Feel The Love,KIDS SEE GHOSTS,0,47
1575,"Freeee (Ghost Town, Pt. 2)",KIDS SEE GHOSTS,0,62
1576,Fire,KIDS SEE GHOSTS,0,67
1577,Cudi Montage,KIDS SEE GHOSTS,0,69
1578,KIDS SEE GHOSTS,KIDS SEE GHOSTS,0,73
1579,Lose It,Quavo Featuring Lil Baby,20,28
1580,Rich Sex,Nicki Minaj Featuring Lil Wayne,2,56
1581,I Know You,Lil Skies Featuring Yung Pinch,3,79
1582,Apes**t,The Carters,15,13
1583,Bed,Nicki Minaj Featuring Ariana Grande,10,42
1584,Bigger > You,"2 Chainz, Drake & Quavo",2,53
1585,DDU-DU DDU-DU,BLACKPINK,0,55
1586,Born To Be Yours,Kygo & Imagine Dragons,2,74
1587,Boss,The Carters,2,77
1588,Ocean,TK Kravitz Featuring Jacqueez,5,76
1589,Hope,XXXTENTACION,2,70
1590,Summer,The Carters,0,84
1591,Drowns The Whiskey,Jason Aldean Featuring Miranda Lambert,19,32
1592,Nice,The Carters,0,95
1593,Cop Shot The Kid,Nas Featuring Kanye West,0,96
1594,Sober,Demi Lovato,3,47
1595,Coming Home,Keith Urban Featuring Julia Michaels,7,50
1596,Life Changes,Thomas Rhett,14,36
1597,The Light Is Coming,Ariana Grande Featuring Nicki Minaj,2,89
1598,Nonstop,Drake,22,2
1599,In My Feelings,Drake,22,1
1600,Emotionless,Drake,4,8
1601,Don't Matter To Me,Drake Featuring Michael Jackson,5,9
1602,Mob Ties,Drake,8,13
1603,Elevate,Drake,3,14
1604,Survival,Drake,2,17
1605,Can't Take A Joke,Drake,4,18
1606,Talk Up,Drake Featuring JAY-Z,3,20
1607,8 Out Of 10,Drake,3,21
1608,Sandra's Rose,Drake,2,27
1609,Summer Games,Drake,2,28
1610,Blue Tint,Drake,3,30
1611,Jaded,Drake,2,32
1612,Is There More,Drake,2,36
1613,That's How You Feel,Drake,2,37
1614,Peak,Drake,2,38
1615,After Dark,Drake Featuring Static Major & Ty Dolla $ign,3,41
1616,Ratchet Happy Birthday,Drake,0,51
1617,Final Fantasy,Drake,0,56
1618,March 14,Drake,0,57
1619,Karma,Queen Naija,2,63
1620,Kiss Somebody,Morgan Evans,8,53
1621,"Sunrise, Sunburn, Sunset",Luke Bryan,16,35
1622,Hotel Key,Old Dominion,19,48
1623,Growing Pains,Alessia Cara,8,65
1624,Wifi Lit,Future,0,53
1625,Jumpsuit,twenty one pilots,4,50
1626,31 Days,Future,2,65
1627,Cuddle My Wrist,Future,0,71
1628,Millidelphia,Meek Mill Featuring Swizz Beatz,0,73
1629,Racks Blue,Future,0,76
1630,Drug Addicts,Lil Pump,0,83
1631,Jackie Chan,Tiesto & Dzeko Featuring Preme & Post Malone,19,52
1632,Kream,Iggy Azalea Feauring Tyga,0,96
1633,God Is A Woman,Ariana Grande,22,8
1634,Summertime Magic,Childish Gambino,5,44
1635,You Say,Lauren Daigle,28,34
1636,Eastside,"benny blanco, Halsey & Khalid",28,9
1637,Wasted,Juice WRLD Featuring Lil Uzi Vert,6,67
1638,Desperate Man,Eric Church,15,68
1639,Hopeless Romantic,Wiz Khalifa Featuring Swae Lee,7,72
1640,Fr Fr,Wiz Khalifa Featuring Lil Skies,0,73
1641,Nico And The Niners,twenty one pilots,2,79
1642,Broken,lovelytheband,22,29
1643,Hooked,Dylan Scott,11,48
1644,1942,G-Eazy Featuring Yo Gotti & YBN Nahmir,8,70
1645,I'm A Mess,Bebe Rexha,20,35
1646,Remind Me To Forget,Kygo Featuring Miguel,11,63
1647,FEFE,6ix9ine Featuring Nicki Minaj & Murda Beatz,20,3
1648,Natural,Imagine Dragons,27,13
1649,I Might Need Security,Chance The Rapper,0,60
1650,Level Up,Ciara,6,59
1651,Best Part,Daniel Caesar Featuring H.E.R.,19,75
1652,Nevermind,Dennis Lloyd,4,86
1653,You Should See Me In A Crown,Billie Eilish,0,93
1654,Lie,NF,20,48
1655,No Brainer,"DJ Khaled Featuring Justin Bieber, Chance The Rapper & Quavo",15,5
1656,One Day,Logic Featuring Ryan Tedder,0,80
1657,Side Effects,The Chainsmokers Featuring Emily Warren,6,66
1658,That's On Me,Yella Beezy,20,56
1659,Handgun,YG Featuring A$AP Rocky,2,98
1660,Drunk Me,Mitchell Tenpenny,21,39
1661,Sicko Mode,Travis Scott,25,1
1662,Stargazing,Travis Scott,8,8
1663,Carousel,Travis Scott,2,24
1664,Yosemite,Travis Scott,14,25
1665,R.I.P Screw,Travis Scott,2,26
1666,Stop Trying To Be God,Travis Scott,2,27
1667,No Bystanders,Travis Scott,2,31
1668,5% Tint,Travis Scott,2,36
1669,Can't Say,Travis Scott,2,38
1670,NC-17,Travis Scott,0,41
1671,Who? What!,Travis Scott,0,43
1672,Skeletons,Travis Scott,0,47
1673,Astrothunder,Travis Scott,0,48
1674,Houstonfornication,Travis Scott,0,53
1675,Beautiful,Bazzi Featuring Camila Cabello,25,26
1676,Coffee Bean,Travis Scott,0,68
1677,Could've Been,H.E.R. Featuring Bryson Tiller,0,76
1678,Trip,Ella Mai,25,11
1679,Lean Wit Me,Juice WRLD,8,68
1680,Barbie Dreams,Nicki Minaj,7,18
1681,Taking A Walk,Trippie Redd,3,46
1682,Majesty,Nicki Minaj Featuring Eminem & Labrinth,0,58
1683,Ganja Burns,Nicki Minaj,0,60
1684,W O R K I N  M E,Quavo,15,52
1685,Album Of The Year (Freestyle),J. Cole,0,87
1686,Have It All,Jason Mraz,0,90
1687,Drew Barrymore,Bryce Vine,14,46
1688,She Got The Best Of Me ,Luke Combs,23,31
1689,Thought I Knew You,Nicki Minaj Featuring The Weeknd,0,98
1690,Breathin,Ariana Grande,23,12
1691,Sweetener,Ariana Grande,0,55
1692,Everytime,Ariana Grande,0,62
1693,Promises,Calvin Harris & Sam Smith,12,65
1694,R.E.M,Ariana Grande,0,72
1695,Blue Tacoma,Russell Dickerson,18,52
1696,Chanel (Go Get It),Young Thug Featuring Gunna & Lil Baby,4,78
1697,Goodnight N Go,Ariana Grande,0,87
1698,Made For Now,Janet & Daddy Yankee,0,88
1699,Pete Davidson,Ariana Grande,0,99
1700,IDOL,BTS Featuring Nicki Minaj,3,11
1701,I Am Who They Say I Am,YoungBoy Never Broke Again Featuring Kevin Gates & Quando Rondo,2,69
1702,Unica,Ozuna,0,72
1703,Mo Bamba,Sheck Wes,22,6
1704,Smile (Living My Best Life),Lil' Duval Featuring Snoop Dogg & Ball Greezy,19,56
1705,Drunk Girl,Chris Janson,10,79
1706,The Way I Am,Charlie Puth,7,61
1707,Happy Now,Zedd & Elley Duhe,0,90
1708,Lucky You,Eminem Featuring Joyner Lucas,14,6
1709,The Ringer,Eminem,4,8
1710,Fall,Eminem,4,12
1711,Kamikaze,Lil Mosey,3,16
1712,Greatest,Eminem,2,23
1713,Not Alike,Eminem Featuring Royce Da 5'9,3,24
1714,BEBE,6ix9ine Featuring Anuel AA,5,30
1715,Normal,Eminem,0,39
1716,Stepping Stone,Eminem,0,42
1717,Venom,Eminem,5,43
1718,Feels Like Summer,Childish Gambino,2,54
1719,Nice Guy,Eminem & Jessie Reyez,0,65
1720,Good Guy,Eminem Featuring Jessie Reyez,0,67
1721,Thunderclouds,"Labrinth, Sia & Diplo Present... LSD",5,67
1722,Hangin' On,Chris Young,13,63
1723,I Love It,Kanye West & Lil Pump,12,6
1724,Rap Devil,Machine Gun Kelly,4,13
1725,Self Care,Mac Miller,3,33
1726,Hurt Feelings,Mac Miller,0,70
1727,Come Back To Earth,Mac Miller,0,91
1728,Vaina Loca,Ozuna x Manuel Turizo,2,94
1729,Speechless,Dan + Shay,20,24
1730,Electricity,Silk City x Dua Lipa,10,62
1731,Killshot,Eminem,8,3
1732,Drip Too Hard,Lil Baby & Gunna,19,4
1733,Wake Up In The Sky,Gucci Mane X Bruno Mars X Kodak Black,19,11
1734,New Patek,Lil Uzi Vert,7,24
1735,Better,Khalid,19,22
1736,Falling Down,Lil Peep & XXXTENTACION,11,13
1737,Pretty Little Fears,6LACK Featuring J. Cole,0,76
1738,Leave Me Alone,Flipp Dinero,19,21
1739,Best Shot,Jimmie Allen,19,37
1740,Noticed,Lil Mosey,10,80
1741,No Stylist,French Montana Featuring Drake,18,47
1742,Head Above Water,Avril Lavigne,2,64
1743,This Feeling,The Chainsmokers Featuring Kelsea Ballerini,15,50
1744,Backin' It Up,Pardison Fontaine Featuring Cardi B,15,40
1745,Rich,Maren Morris,8,62
1746,Mona Lisa,Lil Wayne Featuring Kendrick Lamar,8,2
1747,Don't Cry,Lil Wayne Featuring XXXTENTACION,3,5
1748,Uproar,Lil Wayne,17,7
1749,Let It Fly,Lil Wayne Featuring Travis Scott,2,10
1750,Dedicate,Lil Wayne,2,14
1751,Can't Be Broken,Lil Wayne,2,17
1752,What About Me,Lil Wayne Featuring Sosamann,0,24
1753,Dark Side Of The Moon,Lil Wayne Featuring Nicki Minaj,0,26
1754,Taki Taki,"DJ Snake Featuring Selena Gomez, Ozuna & Cardi B",17,11
1755,Shallow,Lady Gaga & Bradley Cooper,17,5
1756,Dope N****z,Lil Wayne Featuring Snoop Dogg,0,39
1757,Open Letter,Lil Wayne,0,47
1758,"If I'm Lyin, I'm Flyin",Kodak Black,3,56
1759,Problems,Lil Wayne,0,57
1760,Hittas,Lil Wayne,0,59
1761,Open Safe,Lil Wayne,0,62
1762,Took His Time,Lil Wayne,0,65
1763,Mess,Lil Wayne,0,74
1764,Let It All Work Out,Lil Wayne,0,75
1765,Start This S**t Off Right,Lil Wayne Featuring Ashanti & Mack Maine,0,76
1766,Used 2,Lil Wayne,0,78
1767,Demon,Lil Wayne,0,81
1768,Perfect Strangers,Lil Wayne,0,86
1769,Dope New Gospel,Lil Wayne Featuring Nivea,0,90
1770,Never Recover,Lil Baby & Gunna Featuring Drake,8,15
1771,Without Me,Halsey,16,1
1772,STOOPID,6ix9ine Featuring Bobby Shmurda,9,25
1773,Close Friends,Lil Baby,14,28
1774,I'll Never Love Again,Lady Gaga,6,36
1775,Always Remember Us This Way,Lady Gaga,6,41
1776,Off White VLONE,Lil Baby & Gunna Featuring Lil Durk & NAV,0,54
1777,Business Is Business,Lil Baby & Gunna,0,61
1778,Is That Alright?,Lady Gaga,0,63
1779,Belly,Lil Baby & Gunna,0,80
1780,My Blood,twenty one pilots,0,81
1781,Maybe It's Time,Bradley Cooper,0,93
1782,Deep End,Lil Baby,0,97
1783,I Am,Lil Baby & Gunna,0,98
1784,ZEZE,Kodak Black Featuring Travis Scott & Offset,15,2
1785,MIA,Bad Bunny Featuring Drake,15,5
1786,Flip The Switch,Quavo Featuring Drake,0,48
1787,Pass Out,Quavo Featuring 21 Savage,0,61
1788,Biggest Alley Oop,Quavo,0,86
1789,Rerun,Quavo Featuring Travis Scott,0,88
1790,Huncho Dreams,Quavo,0,93
1791,Sunflower (Spider-Man: Into The Spider-Verse),Post Malone & Swae Lee,14,1
1792,Fine China,Future & Juice WRLD,13,26
1793,Money,Cardi B,14,13
1794,When The Party's Over,Billie Eilish,14,52
1795,Jet Lag,Future & Juice WRLD Featuring Young Scooter,0,72
1796,Astronauts,Future & Juice WRLD,0,82
1797,Saturday Nights,Khalid & Kane Brown,3,57
1798,Suncity,Khalid Featuring Empress Of,0,88
1799,Vertigo,Khalid,0,89
1800,Yacht Club,Lil Yachty Featuring Juice WRLD,0,91
1801,Make It Back,Juice WRLD,0,92
1802,Kiss And Make Up,Dua Lipa & BLACKPINK,0,93
1803,Get Dripped,Lil Yachty Featuring Playboi Carti,0,98
1804,Burning Man,Dierks Bentley Featuring Brothers Osborne,14,45
1805,Arms Around You,XXXTENTACION x Lil Pump Featuring Maluma & Swae Lee,13,28
1806,Last Memory,TakeOff,2,54
1807,Talk To Me,Tory Lanez & Rich The Kid,13,43
1808,Topanga,Trippie Redd,5,52
1809,Dip,Tyga & Nicki Minaj,8,63
1810,Waste It On Me,Steve Aoki Featuring BTS,0,89
1811,A Million Dreams,P!nk,0,90
1812,"Thank U, Next",Ariana Grande,12,1
1813,Don't Come Out The House,Metro Boomin Featuring 21 Savage,4,38
1814,10 Freaky Girls,Metro Boomin Featuring 21 Savage,4,42
1815,Space Cadet,Metro Boomin Featuring Gunna,6,51
1816,Overdue,Metro Boomin Featuring Travis Scott,0,62
1817,Dreamcatcher,Metro Boomin Featuring Swae Lee & Travis Scott,0,72
1818,No More,"Metro Boomin Featuring Travis Scott, Kodak Black & 21 Savage",0,79
1819,Ella Quiere Beber,Anuel AA & Romeo Santos,12,61
1820,Consequences,Camila Cabello,12,51
1821,Casper,TakeOff,0,99
1822,Up To Something,Metro Boomin Featuring Travis Scott & Young Thug,0,100
1823,BAD!,XXXTENTACION,10,16
1824,Armed And Dangerous,Juice WRLD,11,44
1825,1400 / 999 Freestyle,Trippie Redd Featuring Juice WRLD,3,55
1826,Love Scars 3,Trippie Redd,0,73
1827,Negative Energy,Trippie Redd Featuring Kodie Shane,0,89
1828,Sixteen,Thomas Rhett,11,42
1829,Good Girl,Dustin Lynch,11,44
1830,Last Shot,Kip Moore,8,53
1831,Millionaire,Chris Stapleton,7,67
1832,Toxic Waste,Trippie Redd,0,98
1833,Take One,Kodak Black,0,81
1834,Twerk,City Girls Featuring Cardi B,3,29
1835,Ocean Eyes,Billie Eilish,5,96
1836,Close To Me,Ellie Goulding X Diplo Featuring Swae Lee,10,28
1837,Girl Like You,Jason Aldean,9,46
1838,Burn The House Down,AJR,0,100
1839,MAMA,6ix9ine Featuring Nicki Minaj & Kanye West,4,43
1840,KIKA,6ix9ine Featuring Tory Lanez,6,44
1841,TIC TOC,6ix9ine Featuring Lil Baby,3,53
1842,Come Out And Play,Billie Eilish,0,69
1843,WAKA,6ix9ine Featuring A Boogie Wit da Hoodie,3,51
1844,You,Jacquees,9,58
1845,Going Bad,Meek Mill Featuring Drake,8,6
1846,What's Free,Meek Mill Featuring Rick Ross & JAY-Z,2,20
1847,On Me,Meek Mill Featuring Cardi B,2,30
1848,Rudolph The Red-Nosed Reindeer,Gene Autry,4,16
1849,Uptown Vibes,Meek Mill Featuring Fabolous & Anuel AA,3,39
1850,"Let It Snow, Let It Snow, Let It Snow",Dean Martin,4,20
1851,Pure Cocaine,Lil Baby,7,46
1852,24/7,Meek Mill Featuring Ella Mai,3,54
1853,Respect The Game,Meek Mill,0,57
1854,Good Form,Nicki Minaj Featuring Lil Wayne,6,60
1855,Trauma,Meek Mill,0,61
1856,Time,Lil Baby Featuring Meek Mill,0,62
1857,Nuketown,Ski Mask The Slump God Featuring Juice WRLD,6,63
1858,Calling My Spirit,Kodak Black,8,46
1859,Ready,Lil Baby Featuring Gunna,0,66
1860,Nothing Breaks Like A Heart,Mark Ronson Featuring Miley Cyrus,8,43
1861,Championships,Meek Mill,0,70
1862,Tic Tac Toe,Meek Mill Featuring Kodak Black,0,72
1863,Almost Slipped,Meek Mill,0,73
1864,Splash Warning,"Meek Mill Featuring Future, Roddy Ricch & Young Thug",0,77
1865,Pay You Back,Meek Mill Featuring 21 Savage,0,78
1866,Foot Fungus,Ski Mask The Slump God,0,81
1867,Crush A Lot,Lil Baby,0,82
1868,Oodles O' Noodles Babies,Meek Mill,0,85
1869,Global,Lil Baby,0,91
1870,Word On The Street,Lil Baby,0,98
1871,whoa (mind in awe),XXXTENTACION,3,37
1872,Here Comes Santa Claus (Down Santa Claus Lane),Gene Autry,3,28
1873,Sleigh Ride,The Ronettes,3,26
1874,Guardian Angel,XXXTENTACION,0,48
1875,I Don't Let Go,XXXTENTACION,0,51
1876,One Minute,XXXTENTACION Featuring Kanye West & Travis Barker,0,62
1877,Train Food,XXXTENTACION,0,64
1878,What Are You So Afraid Of,XXXTENTACION,0,65
1879,Staring At The Sky,XXXTENTACION,0,68
1880,Difference (Interlude),XXXTENTACION,0,84
1881,Look Back At It,A Boogie Wit da Hoodie,7,40
1882,This Is It,Scotty McCreery,7,52
1883,(There's No Place Like) Home For The Holidays,Perry Como,2,32
1884,It's Beginning To Look A Lot Like Christmas,Perry Como And The Fontane Sisters With Mitchell Ayres And His Orchestra,2,35
1885,Happy Xmas (War Is Over),John & Yoko/The Plastic Ono Band With The Harlem Community Choir,2,42
1886,Wonderful Christmastime,Paul McCartney,0,47
1887,White Christmas,Bing Crosby,15,34
1888,Christmas (Baby Please Come Home),Darlene Love,2,43
1889,MoshPit,Kodak Black Featuring Juice WRLD,0,58
1890,Cozy Little Christmas,Katy Perry,2,53
1891,Testimony,Kodak Black,0,74
1892,Sweet But Psycho,Ava Max,6,35
1893,Gnarly,Kodak Black Featuring Lil Pump,0,88
1894,The Christmas Song,Lauren Daigle,2,55
1895,Envy Me,Calboy,6,41
1896,A Lot,21 Savage,5,33
1897,Blue Christmas,Elvis Presley,0,40
1898,Underneath The Tree,Kelly Clarkson,4,44
1899,Run Rudolph Run,Chuck Berry,4,45
1900,Wow.,Post Malone,5,8
1901,Jingle Bells,Frank Sinatra,0,49
1902,Swervin,A Boogie Wit da Hoodie Featuring 6ix9ine,5,38
1903,Can't Leave Without It,21 Savage,4,58
1904,Startender,A Boogie Wit da Hoodie Featuring Offset & Tyga,5,59
1905,All My Friends,21 Savage,2,67
1906,Break Da Law,21 Savage,0,70
1907,1.5,21 Savage,0,86
1908,Out For The Night,21 Savage,0,88
1909,Gun Smoke,21 Savage,0,93
1910,Demons And Angels,A Boogie Wit da Hoodie Featuring Juice WRLD,3,90
1911,ASMR,21 Savage,0,95
1912,Baby Shark,Pinkfong,4,32
1913,Take It From Me,Jordan Davis,4,69
1914,What Makes You Country,Luke Bryan,4,70
1915,Down To The Honkytonk,Jake Owen,4,75
1916,Love Someone,Lukas Graham,4,81
1917,Love Wins,Carrie Underwood,4,83
1918,Ruin My Life,Zara Larsson,4,76
1919,Here Tonight,Brett Young,3,88
1920,Burn Out,Midland,3,92
1921,Solo de Mi,Bad Bunny,0,93
1922,Make It Sweet,Old Dominion,4,92
1923,idontwannabeyouanymore,Billie Eilish,3,96
1924,Undecided,Chris Brown,3,35
1925,Crushed Up,Future,3,43
1926,Butterfly Doors,Lil Pump,2,81
1927,Valuable Pain,YoungBoy Never Broke Again,2,87
1928,Lost In The Fire,Gesaffelstein & The Weeknd,2,27
1929,Dancing With A Stranger,Sam Smith & Normani,2,33
1930,Nights Like This,Kehlani Featuring Ty Dolla $ign,2,69
1931,Thotiana,Blueface,2,66
1932,Let Me Down Slowly,Alec Benjamin Featuring Alessia Cara,0,79
1933,Jumpin On A Jet,Future,2,57
1934,Splashin,Rich The Kid,0,99
1935,7 Rings,"

Ariana Grande

",1,1
1936,MIDDLE CHILD,J. Cole,0,26
1937,Keanu Reeves,Logic,0,38
1938,First Off,Future Featuring Travis Scott,0,47
1939,Never Stop,Future,0,65
1940,Secreto,Anuel AA & Karol G,0,68
1941,Mixed Personalities,YNW Melly Featuring Kanye West,0,71
1942,Temptation,Future,0,76
1943,Rocket Ship,Future,0,79
1944,Pure Water,Mustard & Migos,0,81
1945,F&N,Future,0,83
1946,On My Way To You,Cody Johnson,0,91
1947,Murder On My Mind,YNW Melly,0,95
1948,GIRL,Maren Morris,0,96
1949,Face My Fears,Hikaru Utada & Skrillex,0,98
1950,Call The Coroner,Future,0,100
